0x0	0xc
0x0	0x10
0x1a	0xc3
0x1a	0x2b
0x78	0x1e6c
0xbf	0x1e90
0x111	0x1eb4
0xaf3	0x15c96
0xde9	0xe20
0xde9	0xd8f0xc6f
0xe4e	0xe85
0xe4e	0xd8f0xcfc
0xd470xb53	0xd770xb53
0x10	0x1a
0x10	0x9aa78
0xc3	0x115
0xc3	0xcf
0x7c	0x93278
0x7c	0x88
0x115	0x8c478
0x115	0x121
0x2f2	0x15780
0x2f8	0x302
0x308	0x157e4
0x1c2	0x317
0x317	0x32a
0x317	0x32e
0x1ed	0x355
0x355	0x368
0x355	0x36c
0x37e	0x15861
0x384	0x15892
0x21a	0x38a
0x38a	0x158c3
0x240	0x39f
0x39f	0x3b2
0x39f	0x3b6
0x40c	0x15917
0x412	0x15948
0x418	0x15979
0x462	0x159db
0x468	0x4b7
0x468	0x4bb
0x973	0x15a5e
0x982	0x15a99
0x988	0x15aca
0x2ad	0x98e
0x98e	0x9a1
0x98e	0x9a5
0x9b7	0x15b1c
0x9bd	0x15b4d
0x2da	0x9cc
0x9cc	0x9df
0x9cc	0x9e3
0x302	0x157b1
0xa0e	0xa25
0x32e	0x337
0x32e	0x33b
0x33b	0x343
0x33b	0x347
0x347	0x1581f
0x36c	0x375
0x36c	0x379
0x379	0x15840
0x3b6	0x3c1
0x3b6	0x3c5
0x3c5	0x158f6
0x4bb	0x4c6
0x4bb	0x4cf
0x4cf	0x4e1
0x4cf	0x4e5
0x4e5	0x15bd0
0xb53	0xd3e0xb53
0x9a5	0x9ae
0x9a5	0x9b2
0x9b2	0x15afb
0x9e3	0x15b88
0xa25	0xa2c
0xa25	0xa64
0xc6f	0xde0
0xa64	0xa79
0xe5	0x90a78
0xe5	0xf0
0xa79	0xa8d
0xbbc	0xbca
0xbbc	0x1df76
0xa8d	0xa93
0xa8d	0xaca
0xad8	0xae8
0xad8	0xade
0xcb1	0x3664c
0xae8	0xaf3
0xae8	0xb28
0xb28	0x15d10
0xb1d	0x15cc1
0x15c6b	0xb1d
0x15c96	0x15c6b
0xcfc	0xe42
0xb47	0x3e924
0x15ce5	0xb47
0x15d10	0x15ce5
0x1df76	0x3e9b8
0x2e411	0x3ea02
0xde0	0xde9
0xde0	0xe2f
0xcd0	0x36677
0xcd0	0xcde
0x3664c	0xcd0
0xc16	0xc250xc16
0xc16	0xc1e0xc16
0xcf3	0x3e96d
0x3669d	0x3ea27
0xe42	0xe4e
0xe42	0xe94
0xe2f	0xe38
0xe2f	0xe39
0xe39	0x2e411
0xe94	0x3669d
0x152	0x2f2
0x16c	0x2f8
0x188	0x308
0x1ac	0x1be
0x1ac	0x1c2
0x1d7	0x1e9
0x1d7	0x1ed
0x1f4	0x37e
0x1fc	0x384
0x204	0x216
0x204	0x21a
0x22a	0x23c
0x22a	0x240
0x247	0x40c
0x24f	0x412
0x257	0x418
0x25f	0x41eB0x25f
0x267	0x462
0x26f	0x15a0c
0x277	0x517B0x277
0x27f	0x973
0x287	0x982
0x28f	0x988
0x297	0x2a9
0x297	0x2ad
0x2b4	0x9b7
0x2bc	0x9bd
0x2c4	0x2d6
0x2c4	0x2da
0xacc	0xad8
0xda	0xe5
0xda	0x90078
0x2b	0x7c
0x2b	0x36
0x36	0x96e78
0x36	0x41
0x41	0x97878
0x41	0x4c
0x4c	0x98278
0x4c	0x57
0x57	0x98c78
0x57	0x62
0x62	0x99678
0x62	0x6d
0x6d	0x78
0x6d	0x9a078
0x88	0x93c78
0x88	0x93
0x93	0x94678
0x93	0x9e
0x9e	0x95078
0x9e	0xa9
0xa9	0x95a78
0xa9	0xb4
0xb4	0xbf
0xb4	0x96478
0xcf	0x8f678
0xcf	0xda
0xf0	0x91478
0xf0	0xfb
0xfb	0x91e78
0xfb	0x106
0x106	0x111
0x106	0x92878
0x121	0x8ce78
0x121	0x12c
0x12c	0x8d878
0x12c	0x137
0x137	0x8e278
0x137	0x142
0x142	0x8ec78
0x142	0x14d
0xade	0x15c47
0xcde	0xcf3
0xe20	0xd770xc6f
0xe85	0xd770xcfc
0x261d60xc16	0x3e9dd0xc16
0x15d3b0xb53	0x3e9930xb53
0xda30xb53	0xdbc0xb53
0xda30xc6f	0xdbc0xc6f
0xda30xcfc	0xdbc0xcfc
0xdca0xb53	0xdd50xb53
0xdca0xb53	0xdd60xb53
0xd8f0xb53	0xda30xb53
0xd8f0xb53	0xdbc0xb53
0xd8f0xc6f	0xda30xc6f
0xd8f0xc6f	0xdbc0xc6f
0xd8f0xcfc	0xda30xcfc
0xd8f0xcfc	0xdbc0xcfc
0xd800xb53	0xd770xb53
0xd800xc6f	0xd770xc6f
0xd800xcfc	0xd770xcfc
0xd770xb53	0xd8f0xb53
0xd770xb53	0xd800xb53
0xd770xc6f	0xd8f0xc6f
0xd770xc6f	0xd800xc6f
0xd770xcfc	0xd8f0xcfc
0xd770xcfc	0xd800xcfc
0xd3e0xb53	0xd470xb53
0xd3e0xb53	0xdca0xb53
0xc320xc16	0xc390xc16
0xc320xc16	0x261d60xc16
0xc250xc16	0xc310xc16
0xc250xc16	0xc320xc16
0xc1e0xc16	0x261b10xc16
0xdd60xb53	0x15d3b0xb53
0x444B0x25f	0x457B0x25f
0x41eB0x25f	0x429B0x25f
0x429B0x25f	0x437B0x25f
0x437B0x25f	0x444B0x25f
0x437B0x25f	0x15ba9B0x25f
0x457B0x25f	0x3e8d8B0x25f
0x58cB0x277	0x5a0B0x277
0x5b6B0x277	0x5c9B0x277
0x5d8B0x277	0x5ebB0x277
0xd470x517B0x277	0xd770x517B0x277
0x517B0x277	0x51fB0x277
0x517B0x277	0x523B0x277
0x523B0x277	0xb9eB0x277
0x52cB0x277	0x531B0x277
0x52cB0x277	0x535B0x277
0xb9eB0x277	0x52cB0x277
0x535B0x277	0x53dB0x277
0x53dB0x277	0x555B0x277
0x555B0x277	0x55bB0x277
0x555B0x277	0x55fB0x277
0x55fB0x277	0x56dB0x277
0x56dB0x277	0x57bB0x277
0x57bB0x277	0x58cB0x277
0x57bB0x277	0x5a4B0x277
0x5a4B0x277	0x5b0B0x277
0x5a4B0x277	0x5abB0x277
0x5a0B0x277	0x5a4B0x277
0x5b0B0x277	0x5b6B0x277
0x5b0B0x277	0x5d2B0x277
0x5d2B0x277	0x5d8B0x277
0x5d2B0x277	0x606B0x277
0x5c9B0x277	0x5d2B0x277
0x606B0x277	0x758B0x277
0x606B0x277	0x619B0x277
0x5ebB0x277	0x602B0x277
0x602B0x277	0x606B0x277
0x758B0x277	0x8c8B0x277
0x758B0x277	0x75fB0x277
0x651B0x277	0x65cB0x277
0x651B0x277	0x665B0x277
0x665B0x277	0x677B0x277
0x665B0x277	0x67bB0x277
0x67bB0x277	0x69fB0x277
0x71cB0x277	0x722B0x277
0x71cB0x277	0x758B0x277
0x15bf7B0x277	0xb530x517B0x277
0x69fB0x277	0x6d4B0x277
0x69fB0x277	0x6d8B0x277
0x6d8B0x277	0x6e3B0x277
0x6d8B0x277	0x6ecB0x277
0x6ecB0x277	0x6feB0x277
0x6ecB0x277	0x702B0x277
0x702B0x277	0xc160x517B0x277
0x8c8B0x277	0x8d8B0x277
0x8c8B0x277	0x8d1B0x277
0x7bcB0x277	0x7c7B0x277
0x7bcB0x277	0x7d0B0x277
0x7d0B0x277	0x7e2B0x277
0x7d0B0x277	0x7e6B0x277
0x7e6B0x277	0x824B0x277
0x7e6B0x277	0x828B0x277
0x828B0x277	0x833B0x277
0x828B0x277	0x83cB0x277
0x83cB0x277	0x84eB0x277
0x83cB0x277	0x852B0x277
0x852B0x277	0x890B0x277
0x852B0x277	0x894B0x277
0x894B0x277	0x89fB0x277
0x894B0x277	0x8a8B0x277
0x8a8B0x277	0x8baB0x277
0x8a8B0x277	0x8beB0x277
0x8beB0x277	0x8c8B0x277
0x8beB0x277	0x8c7B0x277
0x8d8B0x277	0x8deB0x277
0x8d8B0x277	0x15c22B0x277
0x93bB0x277	0x946B0x277
0x93bB0x277	0x94fB0x277
0x94fB0x277	0x961B0x277
0x94fB0x277	0x965B0x277
0x965B0x277	0x3e8ffB0x277
0x5abB0x277	0x5b0B0x277
0x619B0x277	0x64dB0x277
0x619B0x277	0x651B0x277
0x75fB0x277	0x7b8B0x277
0x75fB0x277	0x7bcB0x277
0x8d1B0x277	0x8d8B0x277
0x8deB0x277	0x937B0x277
0x8deB0x277	0x93bB0x277
0xb530x517B0x277	0xd3e0x517B0x277
0xc160x517B0x277	0xc1e0x517B0x277
0xc160x517B0x277	0xc250x517B0x277
0xc1e0x517B0x277	0x261b10x517B0x277
0xc250x517B0x277	0xc320x517B0x277
0xc250x517B0x277	0xc310x517B0x277
0xc320x517B0x277	0xc390x517B0x277
0xc320x517B0x277	0x261d60x517B0x277
0xd3e0x517B0x277	0xd470x517B0x277
0xd3e0x517B0x277	0xdca0x517B0x277
0xd770x517B0x277	0xd800x517B0x277
0xd770x517B0x277	0xd8f0x517B0x277
0xd800x517B0x277	0xd770x517B0x277
0xd8f0x517B0x277	0xda30x517B0x277
0xd8f0x517B0x277	0xdbc0x517B0x277
0xda30x517B0x277	0xdbc0x517B0x277
0xdca0x517B0x277	0xdd60x517B0x277
0xdca0x517B0x277	0xdd50x517B0x277
0xdd60x517B0x277	0x15d3b0x517B0x277
0x15d3b0x517B0x277	0x3e9930x517B0x277
0x261d60x517B0x277	0x3e9dd0x517B0x277
0x15ba9B0x25f	0x159aa
0x3e8d8B0x25f	0x159aa
0x15c22B0x277	0x15a3d
0x3e8ffB0x277	0x15a3d
0x261b10x517B0x277	0x15bf7B0x277
0x3e9930x517B0x277	0x71cB0x277
0x3e9dd0x517B0x277	0x15bf7B0x277
