0x8	0x10
0x27	0x11a
0x32	0xad
0x3d	0x7c
0x78	0x3872
0xa9	0x3896
0xb5	0xe9
0xe5	0x38ba
0x116	0x38de
0x122	0x192
0x12d	0x161
0x15d	0x3902
0x18e	0x3926
0x19a	0x1ce
0x1ca	0x394a
0x201	0x15dd8
0x204	0x3fc
0x232	0x23a
0x25b	0x262
0x25e	0x57f
0x277	0x15e34
0x27a	0x5f2
0x291	0x15e65
0x294	0x5f9
0x2af	0x15e9a
0x2b2	0x5fe
0x2b7	0x15ed5
0x2ba	0x60d
0x2bf	0x15f10
0x2c2	0x61c
0x2c7	0x15f45
0x2ca	0x621
0x2cf	0x15f66
0x2d2	0x6c3
0x2d7	0x15f87
0x2da	0x876
0x2df	0x15fb8
0x2e2	0x89a
0x2e7	0x15ff3
0x2ea	0x8be
0x2ef	0x1602e
0x2f2	0x8cd
0x2f7	0x16069
0x2fa	0x8dc
0x2ff	0x1609e
0x30c	0x314
0x320	0x8e1
0x325	0x160bf
0x328	0x9db
0x32d	0x160fa
0x330	0x9ff
0x335	0x1612b
0x338	0xa05
0x33d	0x16166
0x340	0xa29
0x345	0x16197
0x348	0xa4d
0x34d	0x161cc
0x350	0xa52
0x355	0x16207
0x358	0xa76
0x35d	0x16242
0x360	0xa9a
0x365	0x16273
0x368	0xa9f
0x36d	0x162ae
0x370	0xac3
0x382	0x38a
0x3af	0x1630a
0x3b2	0xc9c
0x3b7	0x1633b
0x3ba	0xca4
0x3bf	0x1636c
0x3c2	0xcb0
0x3c7	0x163a7
0x3ca	0xcd4
0x3cf	0x163d8
0x3dc	0x3e4
0x3f0	0xcf8
0x3f5	0x163f9
0x3f8	0xdf0
0x582	0x589
0x5b9	0x5c1
0x5c8	0x5d5
0x5e3	0x5eb
0x622	0x629
0x63b	0x679
0x6c4	0x6cb
0x6dd	0x71b
0x71c	0x723
0x773	0x77b
0x782	0x78f
0x79d	0x7a5
0x7f8	0x800
0x807	0x814
0x822	0x82a
0x8e2	0x8e9
0x8fb	0x939
0x944	0x989
0xcf9	0xd00
0xd12	0xd50
0xd5b	0xd95
0xe04	0xe2e
0xe2a	0x16434
0xe7d	0x16458
0xea7	0xeaf
0xeb6	0xec3
0xed1	0xed9
0xede	0x14a80xe56
0xeed	0xef6
0xefa	0xfc6
0xf41	0xf49
0xf50	0xf5d
0xf6b	0xf73
0xf76	0xfc6
0xfc7	0xfce
0xfca	0x1b02
0x1012	0x101a
0x1021	0x102e
0x104b	0x1053
0x10be	0x10c6
0x10cd	0x10da
0x10e8	0x10f0
0x10f3	0x1647d
0x1103	0x1128
0x110f	0x164a2
0x1112	0x1121
0x112d	0x113c
0x1171	0x1179
0x1180	0x118d
0x119b	0x11a3
0x11ac	0x120c
0x11b4	0x11bf
0x11bb	0x120c
0x125d	0x1265
0x126c	0x1279
0x1280	0x1299
0x128a	0x128f
0x1295	0x1698
0x12e2	0x12ea
0x12f1	0x12fe
0x130c	0x1314
0x131d	0x136d
0x13d1	0x13d9
0x13e0	0x13ed
0x13ef	0x1406
0x144f	0x1494
0x14ac	0x14b70x14a8
0x150d	0x1cce70x150a
0x154f	0x234e2
0x158a	0x1818
0x1592	0x15bc
0x15b8	0x29cdd
0x15c2	0x15ec
0x15e8	0x29d01
0x160f	0x29d25
0x1617	0x1641
0x163d	0x29d49
0x1647	0x1671
0x166d	0x29d6d
0x1694	0x29d91
0x169c	0x16c6
0x16c2	0x29db5
0x16cc	0x16f6
0x16f2	0x29dd9
0x1719	0x29dfd
0x1765	0x29e21
0x1779	0x1800
0x1807	0x180c
0x1820	0x186a
0x1857	0x17c50x154c
0x1866	0x17ad0x154c
0x72bc	0x29eb3
0x86bc	0x17ad0x1774
0x9abc	0x29efc
0x1645a	0x150a0xe56
0x1647f	0x150a0xe56
0x29c9d	0x29f6c
0x53f02	0x82d02
0x54902	0x7ab02
0x55302	0x7b502
0x55d02	0x7bf02
0x56702	0x7c902
0x57102	0x7d302
0x57b02	0x78302
0x58502	0x78d02
0x58f02	0x79702
0x59902	0x7a102
0x5a302	0x75b02
0x5ad02	0x76502
0x5b702	0x76f02
0x5c102	0x77902
0x5cb02	0x73302
0x5d502	0x73d02
0x5df02	0x74702
0x5e902	0x75102
0x5f302	0x70b02
0x5fd02	0x71502
0x60702	0x71f02
0x61102	0x72902
0x61b02	0x6e302
0x62502	0x6ed02
0x62f02	0x6f702
0x63902	0x70102
0x64302	0x6bb02
0x64d02	0x6c502
0x65702	0x6cf02
0x66102	0x6d902
0x66b02	0x69302
0x67502	0x69d02
0x67f02	0x6a702
0x68902	0x6b102
0xe560x234a2	0x29f470xe56
0x150a0x234a2	0x29f470x150a
0xe560x1cca7	0x29f220xe56
0x14a80x1cca7	0x29f220x14a8
0x154c0x90bc	0x17f20x154c
0x17740x90bc	0x17f20x1774
0x154c0x17d5	0x17f20x154c
0x17740x17d5	0x17f20x1774
0x154c0x17c1	0x17ad0x154c
0x17740x17c1	0x17ad0x1774
0x154c0x17b2	0x17c50x154c
0x17740x17b2	0x17c50x1774
0xe560x150d	0x1cce70xe56
0xe560x14c7	0x164ec0xe56
0x14a80x14c7	0x164ec0x14a8
0xe560x14bf	0x14c40xe56
0x14a80x14bf	0x14c40x14a8
0xe560x14b3	0x164c70xe56
0x14a80x14b3	0x164c70x14a8
0xe560x14ac	0x14b70xe56
0x466V0x23a	0x46eB0x23a
0x475V0x23a	0x482B0x23a
0x490V0x23a	0x498B0x23a
0x4a6V0x23a	0x4e0B0x23a
0x4e3V0x23a	0x4ebB0x23a
0x534V0x23a	0x53cB0x23a
0x543V0x23a	0x550B0x23a
0x55eV0x23a	0x566B0x23a
0xb2dV0x38a	0xb35B0x38a
0xb3cV0x38a	0xb49B0x38a
0xb57V0x38a	0xb5fB0x38a
0xb6dV0x38a	0xba7B0x38a
0xbaaV0x38a	0xbb2B0x38a
0xbfbV0x38a	0xc03B0x38a
0xc0aV0x38a	0xc17B0x38a
0xc25V0x38a	0xc2dB0x38a
0xc36V0x38a	0xc86B0x38a
0x1875V0x171d	0x18c7B0x171d
0x18ceV0x171d	0x29e45B0x171d
0x18e9V0x171d	0x29e69B0x171d
0x18deV0x171d	0x18e6B0x171d
0x1926V0x1872V0x171d	0x1932B0x1872B0x171d
0x1a72V0x1923V0x1872V0x171d	0x1a7bB0x1923B0x1872B0x171d
0x1941V0x1923V0x1872V0x171d	0x197bB0x1923B0x1872B0x171d
0x197cV0x1923V0x1872V0x171d	0x1984B0x1923B0x1872B0x171d
0x1980V0x1923V0x1872V0x171d	0x1a96B0x1923B0x1872B0x171d
0x1985V0x1923V0x1872V0x171d	0x19d5B0x1923B0x1872B0x171d
0xa4bcV0x1923V0x1872V0x171d	0x19f5B0x1923B0x1872B0x171d
0x1a51V0x1923V0x1872V0x171d	0x1a76B0x1923B0x1872B0x171d
0x19faV0x1923V0x1872V0x171d	0x1a14B0x1923B0x1872B0x171d
0xaebcV0x1923V0x1872V0x171d	0x1a7bB0x1923B0x1872B0x171d
0x1a81V0x1923V0x1872V0x171d	0x1a8bB0x1923B0x1872B0x171d
0x1a10V0x1923V0x1872V0x171d	0x19f5B0x1923B0x1872B0x171d
0x1aa1V0x1a7bV0x1923V0x1872V0x171d	0x1aabB0x1a7bB0x1923B0x1872B0x171d
0x1aafV0x1a7bV0x1923V0x1872V0x171d	0x1abbB0x1a7bB0x1923B0x1872B0x171d
0x1aefV0x1a7bV0x1923V0x1872V0x171d	0x17c50x1a9cB0x1a7bB0x1923B0x1872B0x171d
0x1aa7V0x1a7bV0x1923V0x1872V0x171d	0x29e8dB0x1a7bB0x1923B0x1872B0x171d
0x1afeV0x1a7bV0x1923V0x1872V0x171d	0x17ad0x1a9cB0x1a7bB0x1923B0x1872B0x171d
0x1a9c0x17b2V0x1a7bV0x1923V0x1872V0x171d	0x17c50x1a9cB0x1a7bB0x1923B0x1872B0x171d
0x1a9c0x17c1V0x1a7bV0x1923V0x1872V0x171d	0x17ad0x1a9cB0x1a7bB0x1923B0x1872B0x171d
0x1a9c0x17d5V0x1a7bV0x1923V0x1872V0x171d	0x17f20x1a9cB0x1a7bB0x1923B0x1872B0x171d
0x1a9c0x90bcV0x1a7bV0x1923V0x1872V0x171d	0x17f20x1a9cB0x1a7bB0x1923B0x1872B0x171d
