0x0	0xd
0x60	0x6b
0x3f	0x4a
0xd	0x1e
0x2db2	0x2dbc
0x229	0x1e78d2
0x123	0x12f
0xab	0xb7
0x6f	0x7b
0xf2	0xfe
0x1b1	0x1bd
0x175	0x181
0x1f8	0x204
0x165e	0x16cd
0x17b5	0x17ec
0x8c6	0x8e2
0xafa	0xb16
0xb66	0xb6b
0x11f7	0x1210
0x19bf	0x19f3
0x1b60	0x1b7c
0x1be4	0x1c00
0x1c53	0x1c58
0x1ff8	0x2014
0x204e	0x205a
0x2062	0x207c
0x2084	0x208a
0x20c4	0x20e2
0x25a1	0x25a6
0x25eb	0x2622
0x265a	0x2660
0x2694	0x26b0
0x26ea	0x2720
0x28f6	0x2912
0x2938	0x2942
0x2a5e	0x2a63
0x43a1	0x43b3
0x2ade	0x2ae5
0x2b0e	0x2b22
0x2baf	0x2bc3
0x2b85	0x2b8e
0x2bcb	0x2be9
0x2c31	0x2c3f
0x2c01	0x2c0a
0x2d17	0x2d1d
0x2d62	0x2d78
0x2d7c	0x2d8a
0x2dad	0x2db2
0x2de2	0x2dee
0x41b0	0x41dd
0x4206	0x420e
0x4237	0x4268
0x4291	0x429c
0x43b9	0x43c5
0x440f	0x443a
0x4491	0x4499
0x235	0x23d
0x25e	0x266
0x29b	0x2a3
0x2c6	0x2ce
0x2dd	0x2e5
0x31a	0x322
0x35f	0x367
0x38a	0x392
0x3b3	0x3bb
0x3f0	0x3f8
0x42d	0x435
0x456	0x45e
0x47f	0x487
0x4a8	0x4b0
0x4d3	0x4db
0x4ea	0x4f2
0x527	0x52f
0x552	0x55a
0x57d	0x585
0x5ba	0x5c2
0x5d1	0x5d9
0x5fc	0x604
0x627	0x62f
0x652	0x65a
0x67b	0x683
0x6a6	0x6ae
0x6d1	0x6d9
0x6fa	0x702
0x725	0x72d
0x74e	0x756
0x78b	0x793
0x7b6	0x7be
0x7f3	0x7fb
0x80a	0x812
0x835	0x83d
0x85e	0x866
0x889	0x891
0x29	0x34
0x2b35	0x2b41
0x1e	0x29
0x34	0x3f
0x4a	0x55
0x55	0x60
0x7b	0x86
0x86	0x91
0x91	0x9c
0x9c	0xa7
0xb7	0xc2
0xc2	0xcd
0xcd	0xd8
0xd8	0xe3
0xe3	0xee
0xfe	0x109
0x109	0x114
0x114	0x11f
0x12f	0x13a
0x13a	0x145
0x145	0x150
0x150	0x15b
0x15b	0x166
0x166	0x171
0x181	0x18c
0x18c	0x197
0x197	0x1a2
0x1a2	0x1ad
0x1bd	0x1c8
0x1c8	0x1d3
0x1d3	0x1de
0x1de	0x1e9
0x1e9	0x1f4
0x204	0x20f
0x20f	0x21a
0x21a	0x225
0x2ae5	0x2aed
0x438cB0x369dB0x2b0	0x4395B0x369dB0x2b0
0x4371B0x369dB0x2b0	0x437aB0x369dB0x2b0
0x438cB0x369dB0x567	0x4395B0x369dB0x567
0x4371B0x369dB0x567	0x437aB0x369dB0x567
0x438cB0x369dB0x63c	0x4395B0x369dB0x63c
0x4371B0x369dB0x63c	0x437aB0x369dB0x63c
0x438cB0x369dB0x775	0x4395B0x369dB0x775
0x4371B0x369dB0x775	0x437aB0x369dB0x775
0x34aeB0x26a	0x34bcB0x26a
0x4e4cB0x31d4B0x34c4B0x26a	0x4e53B0x31d4B0x34c4B0x26a
0xa7dB0x2a7	0xa84B0x2a7
0xaadB0x2a7	0xac1B0x2a7
0xa84B0x2a7	0xa8cB0x2a7
0x1560B0x4df	0x157cB0x4df
0x15c0B0x4df	0x15cbB0x4df
0x1760B0x55e	0x1767B0x55e
0x1790B0x55e	0x17a4B0x55e
0x1767B0x55e	0x176fB0x55e
0x1893B0x5c6	0x18afB0x5c6
0x1960B0x633	0x1967B0x633
0x1990B0x633	0x19a4B0x633
0x1967B0x633	0x196fB0x633
0x2e8dB0x252e	0x2ec3B0x252e
0x2cadB0x252e	0x2cb2B0x252e
0x2f06B0x252e	0x2f0cB0x252e
0x438cB0x3655B0x2d40	0x4395B0x3655B0x2d40
0x4371B0x3655B0x2d40	0x437aB0x3655B0x2d40
0x34dbB0x2d8a	0x34e9B0x2d8a
0x4e4cB0x31e9B0x34f1B0x2d8a	0x4e53B0x31e9B0x34f1B0x2d8a
0x3284B0x241	0x3292B0x241
0x4e07B0x3195B0x329aB0x241	0x4e0eB0x3195B0x329aB0x241
0x960B0x280	0x9c9B0x280
0xa2bB0x280	0xa31B0x280
0x3551B0x2e9	0x355fB0x2e9
0x4e63B0x325aB0x3567B0x2e9	0x4e6aB0x325aB0x3567B0x2e9
0x3407B0x326	0x3416B0x326
0x4e07B0x3195B0x341eB0x326	0x4e0eB0x3195B0x341eB0x326
0x4e63B0x325aB0x342cB0x326	0x4e6aB0x325aB0x342cB0x326
0x32f1B0x396	0x3302B0x396
0x4e07B0x3195B0x330aB0x396	0x4e0eB0x3195B0x330aB0x396
0x4e07B0x3195B0x3318B0x396	0x4e0eB0x3195B0x3318B0x396
0x4e63B0x325aB0x3329B0x396	0x4e6aB0x325aB0x3329B0x396
0x3284B0x3bf	0x3292B0x3bf
0x4e07B0x3195B0x329aB0x3bf	0x4e0eB0x3195B0x329aB0x3bf
0x3447B0x3fc	0x3459B0x3fc
0x4e07B0x3195B0x3461B0x3fc	0x4e0eB0x3195B0x3461B0x3fc
0x4e7aB0x326fB0x346fB0x3fc	0x4e81B0x326fB0x346fB0x3fc
0x4e35B0x31bfB0x3480B0x3fc	0x4e3cB0x31bfB0x3480B0x3fc
0x4e35B0x31bfB0x3491B0x3fc	0x4e3cB0x31bfB0x3491B0x3fc
0x32f1B0x462	0x3302B0x462
0x4e07B0x3195B0x330aB0x462	0x4e0eB0x3195B0x330aB0x462
0x4e07B0x3195B0x3318B0x462	0x4e0eB0x3195B0x3318B0x462
0x4e63B0x325aB0x3329B0x462	0x4e6aB0x325aB0x3329B0x462
0x3551B0x48b	0x355fB0x48b
0x4e63B0x325aB0x3567B0x48b	0x4e6aB0x325aB0x3567B0x48b
0x4deaB0x4303B0x434dB0x3679B0x4bd	0x4df3B0x4303B0x434dB0x3679B0x4bd
0x3551B0x4f6	0x355fB0x4f6
0x4e63B0x325aB0x3567B0x4f6	0x4e6aB0x325aB0x3567B0x4f6
0x3284B0x589	0x3292B0x589
0x4e07B0x3195B0x329aB0x589	0x4e0eB0x3195B0x329aB0x589
0x33c7B0x65e	0x33d6B0x65e
0x4e07B0x3195B0x33deB0x65e	0x4e0eB0x3195B0x33deB0x65e
0x4e1eB0x31aaB0x33ecB0x65e	0x4e25B0x31aaB0x33ecB0x65e
0x1ca4B0x706	0x1cb1B0x706
0x1cb9B0x706	0x1cd3B0x706
0x1cdbB0x706	0x1ce2B0x706
0x1d1aB0x706	0x1d20B0x706
0x1cf6B0x706	0x1d10B0x706
0x1ce2B0x706	0x1ceeB0x706
0x3551B0x75a	0x355fB0x75a
0x4e63B0x325aB0x3567B0x75a	0x4e6aB0x325aB0x3567B0x75a
0x1ddeB0x770	0x1de3B0x770
0x1e1dB0x770	0x1e29B0x770
0x1e3dB0x770	0x1e43B0x770
0x1e7bB0x770	0x1e82B0x770
0x1eabB0x770	0x1ebfB0x770
0x1edeB0x770	0x1eeaB0x770
0x1e82B0x770	0x1e8aB0x770
0x438cB0x36d6B0x3b9cB0x1f08B0x770	0x4395B0x36d6B0x3b9cB0x1f08B0x770
0x4371B0x36d6B0x3b9cB0x1f08B0x770	0x437aB0x36d6B0x3b9cB0x1f08B0x770
0x438cB0x36d6B0x3ba8B0x1f08B0x770	0x4395B0x36d6B0x3ba8B0x1f08B0x770
0x4371B0x36d6B0x3ba8B0x1f08B0x770	0x437aB0x36d6B0x3ba8B0x1f08B0x770
0x32b1B0x7c2	0x32c0B0x7c2
0x4e07B0x3195B0x32c8B0x7c2	0x4e0eB0x3195B0x32c8B0x7c2
0x4e07B0x3195B0x32d6B0x7c2	0x4e0eB0x3195B0x32d6B0x7c2
0x4deaB0x4303B0x434dB0x3679B0x81f	0x4df3B0x4303B0x434dB0x3679B0x81f
0x3284B0x841	0x3292B0x841
0x4e07B0x3195B0x329aB0x841	0x4e0eB0x3195B0x329aB0x841
0x2234B0x895	0x2250B0x895
0x228aB0x895	0x2295B0x895
0x229dB0x895	0x22b7B0x895
0x22bfB0x895	0x22c6B0x895
0x2300B0x895	0x230cB0x895
0x2314B0x895	0x232eB0x895
0x2336B0x895	0x233dB0x895
0x254cB0x2377B0x895	0x256aB0x2377B0x895
0x2572B0x2377B0x895	0x258bB0x2377B0x895
0x357eB0x343	0x3590B0x343
0x4e63B0x325aB0x3598B0x343	0x4e6aB0x325aB0x3598B0x343
0x4e7aB0x326fB0x35a6B0x343	0x4e81B0x326fB0x35a6B0x343
0x4e35B0x31bfB0x35b7B0x343	0x4e3cB0x31bfB0x35b7B0x343
0x4e35B0x31bfB0x35c8B0x343	0x4e3cB0x31bfB0x35c8B0x343
0xbebB0x33c	0xc22B0x33c
0xc7bB0x33c	0xc98B0x33c
0xcaaB0x33c	0xcafB0x33c
0xd07B0x358	0xd0cB0x358
0xd46B0x358	0xd52B0x358
0xd5aB0x358	0xd74B0x358
0xd7cB0x358	0xd83B0x358
0xde8B0x358	0xdefB0x358
0xe29B0x358	0xe35B0x358
0xe3dB0x358	0xe57B0x358
0xe5fB0x358	0xe66B0x358
0xeb3B0x358	0xebaB0x358
0xf07B0x358	0xf0fB0x358
0xf5aB0x358	0xf61B0x358
0xfb4B0x358	0xfbcB0x358
0x1082B0x358	0x1095B0x358
0x109dB0x358	0x10b7B0x358
0x10bfB0x358	0x10c6B0x358
0xffaB0x358	0x1003B0x358
0x1119B0x3ac	0x111eB0x3ac
0x3508B0x439	0x3516B0x439
0x351eB0x439	0x3534B0x439
0x322cB0x353cB0x439	0x3239B0x353cB0x439
0x3166B0x3241B0x353cB0x439	0x317aB0x3241B0x353cB0x439
0x411bB0x3241B0x353cB0x439	0x412eB0x3241B0x353cB0x439
0x43dcB0x3161B0x3241B0x353cB0x439	0x43f3B0x3161B0x3241B0x353cB0x439
0x135aB0x4a1	0x1376B0x4a1
0x13b0B0x4a1	0x13bcB0x4a1
0x13c4B0x4a1	0x13deB0x4a1
0x13e6B0x4a1	0x13edB0x4a1
0x1438B0x4a1	0x143fB0x4a1
0x147cB0x4a1	0x1485B0x4a1
0x3344B0x6dd	0x3356B0x6dd
0x338eB0x6dd	0x33a7B0x6dd
0x4e07B0x3195B0x335eB0x6dd	0x4e0eB0x3195B0x335eB0x6dd
0x4e07B0x3195B0x336cB0x6dd	0x4e0eB0x3195B0x336cB0x6dd
0x4e63B0x325aB0x337dB0x6dd	0x4e6aB0x325aB0x337dB0x6dd
0x31feB0x33afB0x6dd	0x320bB0x33afB0x6dd
0x3124B0x3213B0x33afB0x6dd	0x3138B0x3213B0x33afB0x6dd
0x40eaB0x3213B0x33afB0x6dd	0x40fdB0x3213B0x33afB0x6dd
0x43dcB0x311fB0x3213B0x33afB0x6dd	0x43f3B0x311fB0x3213B0x33afB0x6dd
0x3508B0x731	0x3516B0x731
0x351eB0x731	0x3534B0x731
0x322cB0x353cB0x731	0x3239B0x353cB0x731
0x3166B0x3241B0x353cB0x731	0x317aB0x3241B0x353cB0x731
0x411bB0x3241B0x353cB0x731	0x412eB0x3241B0x353cB0x731
0x43dcB0x3161B0x3241B0x353cB0x731	0x43f3B0x3161B0x3241B0x353cB0x731
0x2131B0x857	0x214dB0x857
0x2187B0x857	0x21bdB0x857
0x12a4B0x44f	0x12c0B0x44f
0x307aB0x12faB0x44f	0x3094B0x12faB0x44f
0x309cB0x12faB0x44f	0x30a5B0x12faB0x44f
0x30b5B0x12faB0x44f	0x30c4B0x12faB0x44f
0x30c7B0x12faB0x44f	0x30d0B0x12faB0x44f
0x30f5B0x30e3B0x12faB0x44f	0x30feB0x30e3B0x12faB0x44f
0x1d63B0x747	0x1d7fB0x747
0x307aB0x1db9B0x747	0x3094B0x1db9B0x747
0x309cB0x1db9B0x747	0x30a5B0x1db9B0x747
0x30b5B0x1db9B0x747	0x30c4B0x1db9B0x747
0x30c7B0x1db9B0x747	0x30d0B0x1db9B0x747
0x30f5B0x30e3B0x1db9B0x747	0x30feB0x30e3B0x1db9B0x747
