0x0	0x80
0x2	0x40
0x5	0x4
0xd	0x0
0x10	0x100000000000000000000000000000000000000000000000000000000
0x30	0xffffffff
0x37	0xee2cb10
0x42	0x12b58349
0x4d	0x14887c58
0x58	0x1dcd9b55
0x63	0x22400b78
0x6e	0x404cbffb
0x79	0x4dd448bf
0x84	0x5e57966d
0x8f	0x7526747d
0x9a	0x9455a11e
0xa5	0xbb472219
0xb0	0xf2e68fbb
0xc0	0xc8
0xc4	0x0
0xca	0xd1
0xcd	0x791
0xd2	0x40
0xd7	0xffffffffffffffffffffffffffffffffffffffff
0xed	0xffffffffffffffffffffffffffffffffffffffff
0x105	0x20
0x10b	0x40
0x110	0x20
0x117	0x11f
0x11b	0x0
0x121	0x128
0x124	0x7ba
0x129	0x40
0x130	0x20
0x136	0x40
0x13b	0x20
0x142	0x14a
0x146	0x0
0x14c	0x17f
0x14f	0x4
0x15a	0xffffffffffffffffffffffffffffffffffffffff
0x171	0x20
0x173	0x24
0x17b	0x7d9
0x180	0x40
0x18b	0x20
0x191	0x40
0x196	0x20
0x19d	0x1a5
0x1a1	0x0
0x1a7	0x214
0x1aa	0x4
0x1b6	0x20
0x1b8	0x24
0x1bf	0x20
0x1c5	0x1f
0x1c8	0x20
0x1ce	0x20
0x1d1	0x40
0x1d7	0x40
0x1e2	0x20
0x1fc	0x20
0x1fe	0x44
0x206	0x20
0x208	0x64
0x210	0x8a3
0x215	0x40
0x21a	0x20
0x21f	0x20
0x228	0x20
0x230	0x20
0x237	0x0
0x23e	0x254
0x24a	0x20
0x250	0x239
0x25f	0x1f
0x264	0x281
0x26d	0x1
0x270	0x20
0x273	0x100
0x27c	0x20
0x287	0x40
0x293	0x29b
0x297	0x0
0x29d	0x33c
0x2a0	0x4
0x2ac	0x20
0x2ae	0x24
0x2b5	0x20
0x2bb	0x1f
0x2be	0x20
0x2c4	0x20
0x2c7	0x40
0x2cd	0x40
0x2d8	0x20
0x2f2	0x20
0x2f4	0x44
0x2fb	0x20
0x301	0x1f
0x304	0x20
0x30a	0x20
0x30d	0x40
0x313	0x40
0x31e	0x20
0x338	0x9a4
0x33d	0x40
0x344	0x20
0x34a	0x40
0x34f	0x20
0x356	0x35e
0x35a	0x0
0x360	0x37d
0x363	0x4
0x36f	0x20
0x371	0x24
0x379	0xe8f
0x37e	0x40
0x383	0xffffffffffffffffffffffffffffffffffffffff
0x399	0xffffffffffffffffffffffffffffffffffffffff
0x3b1	0x20
0x3b7	0x40
0x3bc	0x20
0x3c3	0x3cb
0x3c7	0x0
0x3cd	0x400
0x3d0	0x4
0x3db	0xffffffffffffffffffffffffffffffffffffffff
0x3f2	0x20
0x3f4	0x24
0x3fc	0xecd
0x401	0x40
0x406	0xffffffffffffffffffffffffffffffffffffffff
0x41c	0xffffffffffffffffffffffffffffffffffffffff
0x434	0x20
0x438	0x20
0x43e	0x20
0x444	0x20
0x448	0x20
0x44e	0x20
0x453	0xc0
0x45c	0x20
0x464	0x20
0x46b	0x0
0x472	0x488
0x47e	0x20
0x484	0x46d
0x493	0x1f
0x498	0x4b5
0x4a1	0x1
0x4a4	0x20
0x4a7	0x100
0x4b0	0x20
0x4c2	0x20
0x4ca	0x20
0x4d1	0x0
0x4d8	0x4ee
0x4e4	0x20
0x4ea	0x4d3
0x4f9	0x1f
0x4fe	0x51b
0x507	0x1
0x50a	0x20
0x50d	0x100
0x516	0x20
0x527	0x40
0x533	0x53b
0x537	0x0
0x53d	0x570
0x540	0x4
0x54b	0xffffffffffffffffffffffffffffffffffffffff
0x562	0x20
0x564	0x24
0x56c	0x1059
0x571	0x40
0x576	0x20
0x57b	0x20
0x581	0x2a
0x584	0x20
0x58a	0x2a
0x58c	0x20
0x593	0x0
0x59a	0x5b0
0x5a6	0x20
0x5ac	0x595
0x5bb	0x1f
0x5bd	0xa
0x5bf	0x0
0x5c0	0x5dd
0x5c9	0x1
0x5cc	0x20
0x5ce	0x16
0x5cf	0x100
0x5d2	0x100000000000000000000000000000000000000000000
0x5d3	0xffffffffffffffffffffffffffffffffffffffffffff
0x5d4	0xffffffffffffffffffff00000000000000000000000000000000000000000000
0x5d8	0x20
0x5e3	0x40
0x5ec	0x68b
0x5ef	0x4
0x5fb	0x20
0x5fd	0x24
0x604	0x20
0x60a	0x1f
0x60d	0x20
0x613	0x20
0x616	0x40
0x61c	0x40
0x627	0x20
0x641	0x20
0x643	0x44
0x64a	0x20
0x650	0x1f
0x653	0x20
0x659	0x20
0x65c	0x40
0x662	0x40
0x66d	0x20
0x687	0x1409
0x68c	0x40
0x697	0x20
0x69d	0x40
0x6a2	0x20
0x6a9	0x6b1
0x6ad	0x0
0x6b3	0x6d4
0x6b6	0x4
0x6c1	0x0
0x6c3	0xffffffffffffffffffffffffffffffffffffffffffffffffffffffffffffffff
0x6c6	0x20
0x6c8	0x24
0x6d0	0x2227
0x6d5	0x40
0x6da	0x20
0x6df	0x20
0x6e8	0x20
0x6f0	0x20
0x6f7	0x0
0x6fe	0x714
0x70a	0x20
0x710	0x6f9
0x71f	0x1f
0x724	0x741
0x72d	0x1
0x730	0x20
0x733	0x100
0x73c	0x20
0x747	0x40
0x753	0x75b
0x757	0x0
0x75d	0x764
0x760	0x25be
0x76a	0x772
0x76e	0x0
0x774	0x77b
0x777	0x2642
0x77c	0x40
0x783	0x20
0x789	0x40
0x78e	0x20
0x792	0x0
0x795	0x0
0x79a	0x100
0x79d	0x1
0x7a0	0xffffffffffffffffffffffffffffffffffffffff
0x7bb	0x0
0x7be	0xffffffffffffffffffffffffffffffffffffffff
0x7da	0x0
0x7dd	0x7
0x7e5	0x7f1
0x7e9	0x0
0x7ed	0x4d4e4
0x7f3	0xffffffffffffffffffffffffffffffffffffffff
0x809	0x7
0x80b	0x6
0x80d	0x0
0x810	0xffffffffffffffffffffffffffffffffffffffff
0x826	0xffffffffffffffffffffffffffffffffffffffff
0x83e	0x20
0x840	0x20
0x844	0x20
0x846	0x40
0x847	0x0
0x84a	0x5
0x854	0x859
0x85b	0x0
0x85e	0x20
0x860	0x0
0x864	0x0
0x869	0x100
0x86c	0x1
0x86f	0xffffffffffffffffffffffffffffffffffffffff
0x885	0xffffffffffffffffffffffffffffffffffffffff
0x8a4	0x60
0x8a7	0x60
0x8a9	0x0
0x8b1	0x40
0x8b9	0x1f
0x8bc	0x1f
0x8be	0xffffffffffffffffffffffffffffffffffffffffffffffffffffffffffffffe0
0x8c0	0x20
0x8c5	0x40
0x8ca	0x8e2
0x8cf	0x20
0x8d2	0x20
0x8ee	0x997
0x8fa	0x8ff
0x901	0x20
0x906	0x100000000000000000000000000000000000000000000000000000000000000
0x929	0x100000000000000000000000000000000000000000000000000000000000000
0x955	0x95a
0x95c	0x20
0x961	0xffffffffffffffffffffffffffffffffffffffffffffffffffffffffffffff
0x981	0xff00000000000000000000000000000000000000000000000000000000000000
0x985	0x0
0x98d	0x1
0x993	0x8e9
0xe90	0x7
0xe99	0xe9e
0xea0	0x0
0xea3	0x20
0xea5	0x0
0xea9	0x0
0xeaf	0x100
0xeb2	0x1
0xeb5	0xffffffffffffffffffffffffffffffffffffffff
0xece	0x6
0xed0	0x20
0xed4	0x0
0xed7	0x40
0xed9	0x0
0xedc	0x0
0xee3	0x0
0xee6	0x0
0xeeb	0x100
0xeee	0x1
0xef1	0xffffffffffffffffffffffffffffffffffffffff
0xf09	0x1
0xf0e	0x1
0xf11	0x1
0xf15	0x100
0xf1b	0x2
0xf20	0x1f
0xf23	0x20
0xf29	0x20
0xf2c	0x40
0xf32	0x40
0xf3c	0x20
0xf42	0x1
0xf45	0x1
0xf49	0x100
0xf4f	0x2
0xf55	0xf9f
0xf5a	0x1f
0xf5d	0xf74
0xf61	0x100
0xf6c	0x20
0xf70	0xf9f
0xf79	0x0
0xf7c	0x20
0xf7e	0x0
0xf88	0x1
0xf8c	0x20
0xf92	0xf82
0xf99	0x1f
0xfa7	0x2
0xfad	0x3
0xfb3	0x4
0xfb8	0x1
0xfbb	0x1
0xfbf	0x100
0xfc5	0x2
0xfca	0x1f
0xfcd	0x20
0xfd3	0x20
0xfd6	0x40
0xfdc	0x40
0xfe6	0x20
0xfec	0x1
0xfef	0x1
0xff3	0x100
0xff9	0x2
0xfff	0x4d508
0x1004	0x1f
0x1007	0x101e
0x100b	0x100
0x1016	0x20
0x101a	0x4d537
0x1023	0x0
0x1026	0x20
0x1028	0x0
0x1032	0x1
0x1036	0x20
0x103c	0x102c
0x1043	0x1f
0x2228	0x60
0x222a	0x0
0x222c	0x60
0x222f	0x0
0x2234	0x40
0x223b	0x40
0x223f	0x10
0x2243	0x20
0x2246	0x3031323334353637383961626364656600000000000000000000000000000000
0x226c	0x2a
0x226e	0x40
0x2276	0x1f
0x2278	0x49
0x2279	0x1f
0x227b	0xffffffffffffffffffffffffffffffffffffffffffffffffffffffffffffffe0
0x227c	0x40
0x227d	0x20
0x227f	0x60
0x2282	0x40
0x2286	0x0
0x2287	0x229f
0x228c	0x20
0x228f	0x20
0x2292	0x540
0x22a3	0x3000000000000000000000000000000000000000000000000000000000000000
0x22c5	0x0
0x22c8	0x2a
0x22ca	0x1
0x22cb	0x0
0x22cc	0x1
0x22cd	0x22d2
0x22d4	0x20
0x22d9	0xffffffffffffffffffffffffffffffffffffffffffffffffffffffffffffff
0x22f9	0xff00000000000000000000000000000000000000000000000000000000000000
0x22fa	0x3000000000000000000000000000000000000000000000000000000000000000
0x22fd	0x0
0x2303	0x7800000000000000000000000000000000000000000000000000000000000000
0x2325	0x1
0x2328	0x2a
0x232a	0x1
0x232b	0x0
0x232c	0x1
0x232d	0x2332
0x2334	0x20
0x2339	0xffffffffffffffffffffffffffffffffffffffffffffffffffffffffffffff
0x2359	0xff00000000000000000000000000000000000000000000000000000000000000
0x235a	0x7800000000000000000000000000000000000000000000000000000000000000
0x235d	0x0
0x2363	0x0
0x2368	0x14
0x236d	0x25b2
0x2372	0x4
0x2375	0xc
0x2379	0x20
0x237f	0x2384
0x2386	0x100000000000000000000000000000000000000000000000000000000000000
0x23a8	0xffffffffffffffffffffffffffffffffffffffffffffffffffffffffffffff
0x23c8	0xff00000000000000000000000000000000000000000000000000000000000000
0x23cb	0x2
0x23cd	0x10
0x23d0	0x100000000000000000000000000000000000000000000000000000000000000
0x23f4	0x10
0x23f9	0x23fe
0x2400	0x20
0x2405	0x100000000000000000000000000000000000000000000000000000000000000
0x2428	0x100000000000000000000000000000000000000000000000000000000000000
0x244b	0x2
0x244f	0x2
0x2453	0x2a
0x2458	0x245d
0x245f	0x20
0x2464	0xffffffffffffffffffffffffffffffffffffffffffffffffffffffffffffff
0x2484	0xff00000000000000000000000000000000000000000000000000000000000000
0x2488	0x0
0x248f	0xf
0x2491	0x100000000000000000000000000000000000000000000000000000000000000
0x24b2	0xf00000000000000000000000000000000000000000000000000000000000000
0x24b4	0xc
0x24b8	0x20
0x24be	0x24c3
0x24c5	0x100000000000000000000000000000000000000000000000000000000000000
0x24e8	0x100000000000000000000000000000000000000000000000000000000000000
0x250c	0x10
0x2511	0x2516
0x2518	0x20
0x251d	0x100000000000000000000000000000000000000000000000000000000000000
0x2540	0x100000000000000000000000000000000000000000000000000000000000000
0x2563	0x2
0x2567	0x3
0x256b	0x2a
0x2570	0x2575
0x2577	0x20
0x257c	0xffffffffffffffffffffffffffffffffffffffffffffffffffffffffffffff
0x259c	0xff00000000000000000000000000000000000000000000000000000000000000
0x25a0	0x0
0x25a8	0x1
0x25ae	0x2367
0x2643	0x5
0x5842	0x239
0x6242	0x281
0x6c42	0x46d
0x7642	0x4b5
0x8042	0x4d3
0x8a42	0x51b
0x9442	0x595
0x9e42	0x5dd
0xa842	0x6f9
0xb242	0x741
0xbc42	0x4d5db
0xc642	0x8e2
0xd042	0x8e9
0x10242	0xf82
0x10c42	0xf9f
0x11642	0x102c
0x12042	0x4d5ff
0x1e842	0x229f
0x1f242	0x2367
0x4d510	0x5
0x4d53f	0x5
0x4d607	0x5
0x9acd6	0xa2ed6
0x9b6d6	0xa38d6
0x9c0d6	0xa42d6
0x9cad6	0xa4cd6
0x9d4d6	0xa56d6
0x9ded6	0xa60d6
0x9e8d6	0xa6ad6
0x9f2d6	0xa74d6
0x9fcd6	0xa7ed6
0xa06d6	0xa88d6
0xa10d6	0xa92d6
0xa1ad6	0xa9cd6
0xa24d6	0xaa6d6
0xa2ef6	0xba
0xa38f6	0xbc
0xa42f6	0x113
0xa4cf6	0x13e
0xa56f6	0x199
0xa60f6	0x28f
0xa6af6	0x352
0xa74f6	0x3bf
0xa7ef6	0x52f
0xa88f6	0x5eb
0xa92f6	0x6a5
0xa9cf6	0x74f
0xaa6f6	0x766
0x105aV0x53b	0x60
0x105cV0x53b	0x0
0x105eV0x53b	0x60
0x1061V0x53b	0x0
0x1064V0x53b	0xffffffffffffffffffffffffffffffffffffffff
0x107aV0x53b	0x1
0x107fV0x53b	0x40
0x1086V0x53b	0x40
0x108aV0x53b	0x10
0x108eV0x53b	0x20
0x1091V0x53b	0x3031323334353637383961626364656600000000000000000000000000000000
0x10b7V0x53b	0x2a
0x10b9V0x53b	0x40
0x10c1V0x53b	0x1f
0x10c3V0x53b	0x49
0x10c4V0x53b	0x1f
0x10c6V0x53b	0xffffffffffffffffffffffffffffffffffffffffffffffffffffffffffffffe0
0x10c7V0x53b	0x40
0x10c8V0x53b	0x20
0x10caV0x53b	0x60
0x10cdV0x53b	0x40
0x10d1V0x53b	0x0
0x10d2V0x53b	0x10ea
0x10eeV0x53b	0x3000000000000000000000000000000000000000000000000000000000000000
0x1110V0x53b	0x0
0x1113V0x53b	0x2a
0x1115V0x53b	0x1
0x1116V0x53b	0x0
0x1117V0x53b	0x1
0x1118V0x53b	0x111d
0x111fV0x53b	0x20
0x1124V0x53b	0xffffffffffffffffffffffffffffffffffffffffffffffffffffffffffffff
0x1144V0x53b	0xff00000000000000000000000000000000000000000000000000000000000000
0x1145V0x53b	0x3000000000000000000000000000000000000000000000000000000000000000
0x1148V0x53b	0x0
0x114eV0x53b	0x7800000000000000000000000000000000000000000000000000000000000000
0x1170V0x53b	0x1
0x1173V0x53b	0x2a
0x1175V0x53b	0x1
0x1176V0x53b	0x0
0x1177V0x53b	0x1
0x1178V0x53b	0x117d
0x117fV0x53b	0x20
0x1184V0x53b	0xffffffffffffffffffffffffffffffffffffffffffffffffffffffffffffff
0x11a4V0x53b	0xff00000000000000000000000000000000000000000000000000000000000000
0x11a5V0x53b	0x7800000000000000000000000000000000000000000000000000000000000000
0x11a8V0x53b	0x0
0x11aeV0x53b	0x0
0x13442V0x53b	0x11b2
0x11d1V0x53b	0x100000000000000000000000000000000000000000000000000000000000000
0x11f3V0x53b	0xffffffffffffffffffffffffffffffffffffffffffffffffffffffffffffff
0x1213V0x53b	0xff00000000000000000000000000000000000000000000000000000000000000
0x1216V0x53b	0x2
0x1218V0x53b	0x10
0x121bV0x53b	0x100000000000000000000000000000000000000000000000000000000000000
0x123fV0x53b	0x10
0x1244V0x53b	0x1249
0x124bV0x53b	0x20
0x1250V0x53b	0x100000000000000000000000000000000000000000000000000000000000000
0x1273V0x53b	0x100000000000000000000000000000000000000000000000000000000000000
0x1296V0x53b	0x2
0x129aV0x53b	0x2
0x129eV0x53b	0x2a
0x12a3V0x53b	0x12a8
0x12aaV0x53b	0x20
0x12afV0x53b	0xffffffffffffffffffffffffffffffffffffffffffffffffffffffffffffff
0x12cfV0x53b	0xff00000000000000000000000000000000000000000000000000000000000000
0x12d3V0x53b	0x0
0x12daV0x53b	0xf
0x12dcV0x53b	0x100000000000000000000000000000000000000000000000000000000000000
0x12fdV0x53b	0xf00000000000000000000000000000000000000000000000000000000000000
0x12ffV0x53b	0xc
0x1303V0x53b	0x20
0x1309V0x53b	0x130e
0x1310V0x53b	0x100000000000000000000000000000000000000000000000000000000000000
0x1333V0x53b	0x100000000000000000000000000000000000000000000000000000000000000
0x1357V0x53b	0x10
0x135cV0x53b	0x1361
0x1363V0x53b	0x20
0x1368V0x53b	0x100000000000000000000000000000000000000000000000000000000000000
0x138bV0x53b	0x100000000000000000000000000000000000000000000000000000000000000
0x13aeV0x53b	0x2
0x13b2V0x53b	0x3
0x13b6V0x53b	0x2a
0x13bbV0x53b	0x13c0
0x13c2V0x53b	0x20
0x13c7V0x53b	0xffffffffffffffffffffffffffffffffffffffffffffffffffffffffffffff
0x13e7V0x53b	0xff00000000000000000000000000000000000000000000000000000000000000
0x13ebV0x53b	0x0
0x13f3V0x53b	0x1
0x13f9V0x53b	0x11b2
0x11b3V0x53b	0x14
0x11b8V0x53b	0x13fd
0x10d7V0x53b	0x20
0x10daV0x53b	0x20
0x10ddV0x53b	0x540
0x12a42V0x53b	0x10ea
0x11bdV0x53b	0x4
0x11c0V0x53b	0xc
0x11c4V0x53b	0x20
0x11caV0x53b	0x11cf
0x2614V0x75b	0xdc3df52bb1d116471f18b4931895d91eeefdc2b3
0x2629V0x75b	0xffffffffffffffffffffffffffffffffffffffff
0x263eV0x75b	0xdc3df52bb1d116471f18b4931895d91eeefdc2b3
0x25bfV0x75b	0x0
0x25c5V0x75b	0x100
0x25c8V0x75b	0x1
0x25cbV0x75b	0xffffffffffffffffffffffffffffffffffffffff
0x25e1V0x75b	0xffffffffffffffffffffffffffffffffffffffff
0x25f8V0x75b	0xffffffffffffffffffffffffffffffffffffffff
0x2610V0x75b	0x2640
0x9a40xa07V0x29b	0xa0c
0x9a40x9fcV0x29b	0xb7b
0x9a40x265aV0x29b	0x4d5b6
0x9a40x2656V0x29b	0x0
0x9a40xc6cV0x29b	0xc92
0x9a40xc5eV0x29b	0x100
0x9a40xb8bV0x29b	0xb90
0x9a40xb81V0x29b	0x2
0x9a40xe442V0x29b	0x9f2
0x9a40x9eeV0x29b	0x0
0x9a5V0x29b	0x0
0x9a7V0x29b	0x60
0x9aaV0x29b	0x0
0x9adV0x29b	0x0
0x9afV0x29b	0x20
0x9b1V0x29b	0x40
0x9b7V0x29b	0x40
0x9bbV0x29b	0x0
0x9c0V0x29b	0x2
0x9c4V0x29b	0x0
0x9c6V0x29b	0x20
0x9caV0x29b	0x9d4
0x9d0V0x29b	0x2b59
0x9a40xd97V0x29b	0xda1
0x9a40xd9dV0x29b	0x2b59
0x9a40xd93V0x29b	0x20
0x9a40xd8dV0x29b	0x2
0x9a40xd8aV0x29b	0x40
0x9a40xd81V0x29b	0x20
0x9a40xd7eV0x29b	0x40
0x9a40xd76V0x29b	0x1
0x9a40xd72V0x29b	0xff00000000000000000000000000000000000000000000000000000000000000
0x9a40xd52V0x29b	0xffffffffffffffffffffffffffffffffffffffffffffffffffffffffffffff
0x9a40xd50V0x29b	0xff00000000000000000000000000000000000000000000000000000000000000
0x9a40xd30V0x29b	0xffffffffffffffffffffffffffffffffffffffffffffffffffffffffffffff
0x9a40xd2cV0x29b	0x2
0x9a40xd08V0x29b	0x2a2a000000000000000000000000000000000000000000000000000000000000
0x9a40xd04V0x29b	0x1
0x9a40xd00V0x29b	0xff00000000000000000000000000000000000000000000000000000000000000
0x9a40xce0V0x29b	0xffffffffffffffffffffffffffffffffffffffffffffffffffffffffffffff
0x9a40xcdeV0x29b	0xff00000000000000000000000000000000000000000000000000000000000000
0x9a40xcbeV0x29b	0xffffffffffffffffffffffffffffffffffffffffffffffffffffffffffffff
0x9a40xcbaV0x29b	0x1
0x9a40xc96V0x29b	0x2a00000000000000000000000000000000000000000000000000000000000000
0x9a40x22442V0x29b	0x4d656
0x9a40x2803V0x29b	0xffffffffffffffffffffffffffffffffffffffffffffffffffffffffffffffff
0x9a40x2801V0x29b	0x0
0x9a40x27f9V0x29b	0x40
0x9a40x27daV0x29b	0x100
0x9a40x27d7V0x29b	0x20
0x9a40x27d4V0x29b	0x1
0x9a40x21a42V0x29b	0x27ae
0x9a40x27a7V0x29b	0x20
0x9a40x279fV0x29b	0x40
0x9a40x279cV0x29b	0x40
0x9a40x2793V0x29b	0x20
0x9a40x2790V0x29b	0x40
0x9a40x2771V0x29b	0x100
0x9a40x276eV0x29b	0x20
0x9a40x276bV0x29b	0x1
0x9a40x21042V0x29b	0x2745
0x9a40x273eV0x29b	0x20
0x9a40x273cV0x29b	0x1
0x9a40x2736V0x29b	0x20
0x9a40x2733V0x29b	0x40
0x9a40x2730V0x29b	0xffffffffffffffffffffffffffffffffffffffffffffffffffffffffffffffff
0x9a40x272eV0x29b	0x0
0x9a40x2726V0x29b	0x40
0x9a40x2707V0x29b	0x100
0x9a40x2704V0x29b	0x20
0x9a40x2701V0x29b	0x1
0x9a40x20642V0x29b	0x26db
0x9a40x26d4V0x29b	0x20
0x9a40x26ccV0x29b	0x40
0x9a40x26c9V0x29b	0x40
0x9a40x26c0V0x29b	0x20
0x9a40x26bdV0x29b	0x40
0x9a40x269eV0x29b	0x100
0x9a40x269bV0x29b	0x20
0x9a40x2698V0x29b	0x1
0x9a40x1fc42V0x29b	0x2672
0x9a40x266bV0x29b	0x20
0x9a40x2669V0x29b	0x1
0x9a40x2663V0x29b	0x20
0x9a40x2660V0x29b	0x40
0x9a40xf842V0x29b	0xe67
0x9a40xe61V0x29b	0x1
0x9a40xe5bV0x29b	0x0
0x9a40xe58V0x29b	0x5900000000000000000000000000000000000000000000000000000000000000
0x9a40xe57V0x29b	0xff00000000000000000000000000000000000000000000000000000000000000
0x9a40xe37V0x29b	0xffffffffffffffffffffffffffffffffffffffffffffffffffffffffffffff
0x9a40xe32V0x29b	0x20
0x9a40xee42V0x29b	0xc7e
0x9a40xc7aV0x29b	0x0
0x9a40xc78V0x29b	0x20
0x9a40xc75V0x29b	0x0
0x9a40xda42V0x29b	0x9e4
0x9a40x9e0V0x29b	0x0
0x9a40x9dcV0x29b	0x0
0x9a40x27cfV0x29b	0x27ae
0x9a40x27c9V0x29b	0x20
0x9a40x27c3V0x29b	0x20
0x9a40x27bdV0x29b	0x20
0x9a40x27b5V0x29b	0x27d3
0x9a40x27afV0x29b	0x20
0x9a40x2766V0x29b	0x2745
0x9a40x2760V0x29b	0x20
0x9a40x275aV0x29b	0x20
0x9a40x2754V0x29b	0x20
0x9a40x274cV0x29b	0x276a
0x9a40x2746V0x29b	0x20
0x9a40x26fcV0x29b	0x26db
0x9a40x26f6V0x29b	0x20
0x9a40x26f0V0x29b	0x20
0x9a40x26eaV0x29b	0x20
0x9a40x26e2V0x29b	0x2700
0x9a40x26dcV0x29b	0x20
0x9a40x2693V0x29b	0x2672
0x9a40x268dV0x29b	0x20
0x9a40x2687V0x29b	0x20
0x9a40x2681V0x29b	0x20
0x9a40x2679V0x29b	0x2697
0x9a40x2673V0x29b	0x20
0x9a40x2652V0x29b	0x265e
0x9a40x2651V0x29b	0x1
0x9a40x2650V0x29b	0x0
0x9a40x264fV0x29b	0x1
0x9a40x264eV0x29b	0x1
0x9a40x264cV0x29b	0x1
0x9a40x2649V0x29b	0x0
0x9a40xe7dV0x29b	0x9e4
0x9a40xe77V0x29b	0x1
0x9a40xe70V0x29b	0x9f2
0x9a40xe6aV0x29b	0x1
0x9a40xe2bV0x29b	0xe30
0x9a40xe02V0x29b	0x5900000000000000000000000000000000000000000000000000000000000000
0x9a40xdfcV0x29b	0x0
0x9a40xdf9V0x29b	0x5800000000000000000000000000000000000000000000000000000000000000
0x9a40xdf8V0x29b	0xff00000000000000000000000000000000000000000000000000000000000000
0x9a40xdd8V0x29b	0xffffffffffffffffffffffffffffffffffffffffffffffffffffffffffffff
0x9a40xdd3V0x29b	0x20
0x9a40xdccV0x29b	0xdd1
0x9a40xda3V0x29b	0x5800000000000000000000000000000000000000000000000000000000000000
0x9a40xc8eV0x29b	0xc7e
0x9a40xc88V0x29b	0x20
0x9a40xc84V0x29b	0x1
0x9a40xc5aV0x29b	0xc70
0x9a40xc57V0x29b	0x1f
0x9a40xc52V0x29b	0xc92
0x9a40xc4cV0x29b	0x2
0x9a40xc46V0x29b	0x100
0x9a40xc42V0x29b	0x1
0x9a40xc3fV0x29b	0x1
0x9a40xc38V0x29b	0x20
0x9a40xc35V0x29b	0x40
0x9a40xc13V0x29b	0x100000000000000000000000000000000000000000000000000000000000000
0x9a40xbf0V0x29b	0x100000000000000000000000000000000000000000000000000000000000000
0x9a40xbebV0x29b	0x20
0x9a40xbe4V0x29b	0xbe9
0x9a40xbbaV0x29b	0x100000000000000000000000000000000000000000000000000000000000000
0x9a40xb97V0x29b	0x100000000000000000000000000000000000000000000000000000000000000
0x9a40xb92V0x29b	0x20
0x9a40xb7dV0x29b	0xe67
0x9a40xb77V0x29b	0x2648
0x9a40xb74V0x29b	0x40
0x9a40xb70V0x29b	0x1
0x9a40xb6fV0x29b	0x21
0x9a40xb6bV0x29b	0x20
0x9a40xb68V0x29b	0x40
0x9a40xb62V0x29b	0x1
0x9a40xb5eV0x29b	0xff00000000000000000000000000000000000000000000000000000000000000
0x9a40xb3eV0x29b	0xffffffffffffffffffffffffffffffffffffffffffffffffffffffffffffff
0x9a40xb3cV0x29b	0xff00000000000000000000000000000000000000000000000000000000000000
0x9a40xb1cV0x29b	0xffffffffffffffffffffffffffffffffffffffffffffffffffffffffffffff
0x9a40xb17V0x29b	0x20
0x9a40xb14V0x29b	0x40
0x9a40xaf2V0x29b	0x100000000000000000000000000000000000000000000000000000000000000
0x9a40xacfV0x29b	0x100000000000000000000000000000000000000000000000000000000000000
0x9a40xacaV0x29b	0x20
0x9a40xac3V0x29b	0xac8
0x9a40xab8V0x29b	0x40
0x9a40xab4V0x29b	0x1
0x9a40xab3V0x29b	0x21
0x9a40xaafV0x29b	0x20
0x9a40xaacV0x29b	0x40
0x9a40xaa6V0x29b	0x1
0x9a40xaa2V0x29b	0xff00000000000000000000000000000000000000000000000000000000000000
0x9a40xa82V0x29b	0xffffffffffffffffffffffffffffffffffffffffffffffffffffffffffffff
0x9a40xa80V0x29b	0xff00000000000000000000000000000000000000000000000000000000000000
0x9a40xa60V0x29b	0xffffffffffffffffffffffffffffffffffffffffffffffffffffffffffffff
0x9a40xa5bV0x29b	0x20
0x9a40xa58V0x29b	0x40
0x9a40xa36V0x29b	0x100000000000000000000000000000000000000000000000000000000000000
0x9a40xa13V0x29b	0x100000000000000000000000000000000000000000000000000000000000000
0x9a40xa0eV0x29b	0x20
0x9a40x9f8V0x29b	0xe74
0x9a40x9f3V0x29b	0x5
0x9a40x9eaV0x29b	0xe81
0x9a40x9e5V0x29b	0x5
0x2b5dV0x9a4V0x29b	0x1
0x2b60V0x9a4V0x29b	0x1
0x2b64V0x9a4V0x29b	0x100
0x2b6aV0x9a4V0x29b	0x2
0x2b6fV0x9a4V0x29b	0x0
0x2b72V0x9a4V0x29b	0x20
0x2b74V0x9a4V0x29b	0x0
0x2b78V0x9a4V0x29b	0x1f
0x2b7bV0x9a4V0x29b	0x20
0x2b83V0x9a4V0x29b	0x1f
0x2b85V0x9a4V0x29b	0x0
0x2b86V0x9a4V0x29b	0x2b9a
0x2b9dV0x9a4V0x29b	0x0
0x2b9eV0x9a4V0x29b	0x1
0x2ba0V0x9a4V0x29b	0x1
0x2ba4V0x9a4V0x29b	0x1
0x2ba5V0x9a4V0x29b	0x2bc8
0x2bccV0x9a4V0x29b	0x2bd5
0x2bd1V0x9a4V0x29b	0x2bd9
0x26042V0x9a4V0x29b	0x2bc8
0x2bb1V0x9a4V0x29b	0x2bc7
0x2b8cV0x9a4V0x29b	0xff
0x2b8eV0x9a4V0x29b	0xffffffffffffffffffffffffffffffffffffffffffffffffffffffffffffff00
0x2b92V0x9a4V0x29b	0x0
0x2b96V0x9a4V0x29b	0x2bc8
0x25642V0x9a4V0x29b	0x2bac
0x2bbaV0x9a4V0x29b	0x20
0x2bbfV0x9a4V0x29b	0x1
0x2bc3V0x9a4V0x29b	0x2bac
0x2bdaV0x2bc8V0x9a4V0x29b	0x2bfb
0x26a42V0x2bc8V0x9a4V0x29b	0x2bdf
0x2be8V0x2bd9V0x2bc8V0x9a4V0x29b	0x0
0x2bebV0x2bd9V0x2bc8V0x9a4V0x29b	0x0
0x2bf0V0x2bd9V0x2bc8V0x9a4V0x29b	0x1
0x2bf3V0x2bd9V0x2bc8V0x9a4V0x29b	0x2bdf
0x2be4V0x2bd9V0x2bc8V0x9a4V0x29b	0x2bf7
0x2b5dV0xc920x9a4V0x29b	0x1
0x2b60V0xc920x9a4V0x29b	0x1
0x2b64V0xc920x9a4V0x29b	0x100
0x2b6aV0xc920x9a4V0x29b	0x2
0x2b6fV0xc920x9a4V0x29b	0x0
0x2b72V0xc920x9a4V0x29b	0x20
0x2b74V0xc920x9a4V0x29b	0x0
0x2b78V0xc920x9a4V0x29b	0x1f
0x2b7bV0xc920x9a4V0x29b	0x20
0x2b83V0xc920x9a4V0x29b	0x1f
0x2b86V0xc920x9a4V0x29b	0x2b9a
0x2b9eV0xc920x9a4V0x29b	0x1
0x2ba5V0xc920x9a4V0x29b	0x2bc8
0x2bccV0xc920x9a4V0x29b	0x2bd5
0x2bd1V0xc920x9a4V0x29b	0x2bd9
0x26042V0xc920x9a4V0x29b	0x2bc8
0x2bb1V0xc920x9a4V0x29b	0x2bc7
0x2b8cV0xc920x9a4V0x29b	0xff
0x2b8eV0xc920x9a4V0x29b	0xffffffffffffffffffffffffffffffffffffffffffffffffffffffffffffff00
0x2b96V0xc920x9a4V0x29b	0x2bc8
0x25642V0xc920x9a4V0x29b	0x2bac
0x2bbaV0xc920x9a4V0x29b	0x20
0x2bbfV0xc920x9a4V0x29b	0x1
0x2bc3V0xc920x9a4V0x29b	0x2bac
0x2bdaV0x2bc8V0xc920x9a4V0x29b	0x2bfb
0x26a42V0x2bc8V0xc920x9a4V0x29b	0x2bdf
0x2be8V0x2bd9V0x2bc8V0xc920x9a4V0x29b	0x0
0x2bebV0x2bd9V0x2bc8V0xc920x9a4V0x29b	0x0
0x2bf0V0x2bd9V0x2bc8V0xc920x9a4V0x29b	0x1
0x2bf3V0x2bd9V0x2bc8V0xc920x9a4V0x29b	0x2bdf
0x2be4V0x2bd9V0x2bc8V0xc920x9a4V0x29b	0x2bf7
0x1446V0x5eb	0x0
0x1459V0x5eb	0x4d566
0x146eV0x5eb	0x6
0x1470V0x5eb	0x0
0x1473V0x5eb	0xffffffffffffffffffffffffffffffffffffffff
0x1489V0x5eb	0xffffffffffffffffffffffffffffffffffffffff
0x14a1V0x5eb	0x20
0x14a3V0x5eb	0x20
0x14a7V0x5eb	0x20
0x14a9V0x5eb	0x40
0x14aaV0x5eb	0x0
0x14adV0x5eb	0x0
0x14b0V0x5eb	0x0
0x14b2V0x5eb	0x100
0x14b5V0x5eb	0x1
0x14b9V0x5eb	0xffffffffffffffffffffffffffffffffffffffff
0x14ceV0x5eb	0xffffffffffffffffffffffffffffffffffffffff
0x14cfV0x5eb	0xffffffffffffffffffffffff0000000000000000000000000000000000000000
0x14d3V0x5eb	0xffffffffffffffffffffffffffffffffffffffff
0x14efV0x5eb	0x6
0x14f1V0x5eb	0x0
0x14f4V0x5eb	0xffffffffffffffffffffffffffffffffffffffff
0x150aV0x5eb	0xffffffffffffffffffffffffffffffffffffffff
0x1522V0x5eb	0x20
0x1524V0x5eb	0x20
0x1528V0x5eb	0x20
0x152aV0x5eb	0x40
0x152bV0x5eb	0x0
0x152eV0x5eb	0x1
0x1535V0x5eb	0x20
0x1539V0x5eb	0x1543
0x153fV0x5eb	0x2b59
0x1742V0x5eb	0x0
0x1747V0x5eb	0x0
0x189eV0x5eb	0x100
0x18a9V0x5eb	0x20
0x18adV0x5eb	0x18dc
0x18f7V0x5eb	0x0
0x18f9V0x5eb	0x5
0x15242V0x5eb	0x18ff
0x1909V0x5eb	0x0
0x190bV0x5eb	0x5
0x15c42V0x5eb	0x1911
0x191bV0x5eb	0xa5
0x191dV0x5eb	0x64
0x191fV0x5eb	0x85
0x1921V0x5eb	0x3e8
0x1924V0x5eb	0x6
0x1926V0x5eb	0x0
0x1929V0x5eb	0xffffffffffffffffffffffffffffffffffffffff
0x193fV0x5eb	0xffffffffffffffffffffffffffffffffffffffff
0x1957V0x5eb	0x20
0x1959V0x5eb	0x20
0x195dV0x5eb	0x20
0x195fV0x5eb	0x40
0x1960V0x5eb	0x0
0x1963V0x5eb	0x2
0x1968V0x5eb	0x0
0x1969V0x5eb	0x1
0x196aV0x5eb	0x196f
0x19d1V0x5eb	0x13b
0x19d4V0x5eb	0x64
0x19d6V0x5eb	0x85
0x19d8V0x5eb	0x3e8
0x19dbV0x5eb	0x6
0x19ddV0x5eb	0x0
0x19e0V0x5eb	0xffffffffffffffffffffffffffffffffffffffff
0x19f6V0x5eb	0xffffffffffffffffffffffffffffffffffffffff
0x1a0eV0x5eb	0x20
0x1a10V0x5eb	0x20
0x1a14V0x5eb	0x20
0x1a16V0x5eb	0x40
0x1a17V0x5eb	0x0
0x1a1aV0x5eb	0x2
0x1a1fV0x5eb	0x0
0x1a20V0x5eb	0x1
0x1a21V0x5eb	0x1a26
0x1a88V0x5eb	0x203
0x1a8bV0x5eb	0x64
0x1a8dV0x5eb	0x85
0x1a8fV0x5eb	0x3e8
0x1a92V0x5eb	0x6
0x1a94V0x5eb	0x0
0x1a97V0x5eb	0xffffffffffffffffffffffffffffffffffffffff
0x1aadV0x5eb	0xffffffffffffffffffffffffffffffffffffffff
0x1ac5V0x5eb	0x20
0x1ac7V0x5eb	0x20
0x1acbV0x5eb	0x20
0x1acdV0x5eb	0x40
0x1aceV0x5eb	0x0
0x1ad1V0x5eb	0x2
0x1ad6V0x5eb	0x0
0x1ad7V0x5eb	0x1
0x1ad8V0x5eb	0x1add
0x1b3fV0x5eb	0xd05
0x1b42V0x5eb	0x64
0x1b44V0x5eb	0x85
0x1b46V0x5eb	0x3e8
0x1b49V0x5eb	0x6
0x1b4bV0x5eb	0x0
0x1b4eV0x5eb	0xffffffffffffffffffffffffffffffffffffffff
0x1b64V0x5eb	0xffffffffffffffffffffffffffffffffffffffff
0x1b7cV0x5eb	0x20
0x1b7eV0x5eb	0x20
0x1b82V0x5eb	0x20
0x1b84V0x5eb	0x40
0x1b85V0x5eb	0x0
0x1b88V0x5eb	0x2
0x1b8dV0x5eb	0x0
0x1b8eV0x5eb	0x1
0x1b8fV0x5eb	0x1b94
0x1bf9V0x5eb	0xffffffffffffffffffffffffffffffffffffffff
0x1c10V0x5eb	0x5
0x1c15V0x5eb	0x1c46
0x1c19V0x5eb	0x5a
0x1c1bV0x5eb	0x64
0x1c1eV0x5eb	0xffffffffffffffffffffffffffffffffffffffff
0x1c36V0x5eb	0x0
0x1c37V0x5eb	0x1
0x1c38V0x5eb	0x1c3d
0x1ce8V0x5eb	0x0
0x1cedV0x5eb	0x0
0x1f22V0x5eb	0x100
0x1f2dV0x5eb	0x20
0x1f31V0x5eb	0x1f60
0x1fa5V0x5eb	0x100
0x1fb0V0x5eb	0x20
0x1fb4V0x5eb	0x1fe3
0x2877V0x5eb	0x41
0x2879V0x5eb	0x100000000000000000000000000000000000000000000000000000000000000
0x289aV0x5eb	0x4100000000000000000000000000000000000000000000000000000000000000
0x28a3V0x5eb	0x28a8
0x29c6V0x5eb	0x20
0x29d0V0x5eb	0x29d5
0x14090xa07V0x5eb	0xa0c
0x14090x9fcV0x5eb	0xb7b
0x14090x265aV0x5eb	0x4d5b6
0x14090x2656V0x5eb	0x0
0x14090xc6cV0x5eb	0xc92
0x14090xc5eV0x5eb	0x100
0x14090xb8bV0x5eb	0xb90
0x14090xb81V0x5eb	0x2
0x14090xe442V0x5eb	0x9f2
0x14090x9eeV0x5eb	0x0
0x140aV0x5eb	0x0
0x140cV0x5eb	0x60
0x140fV0x5eb	0x0
0x1412V0x5eb	0xffffffffffffffffffffffffffffffffffffffff
0x1429V0x5eb	0xffffffffffffffffffffffffffffffffffffffff
0x1442V0x5eb	0x144a
0x144bV0x5eb	0x1453
0x144fV0x5eb	0x280e
0x1455V0x5eb	0x145d
0x280fV0x5eb	0x0
0x2816V0x5eb	0x0
0x2819V0x5eb	0xffffffff
0x145eV0x5eb	0x1466
0x1462V0x5eb	0x7d9
0x1469V0x5eb	0x16e0
0x16e1V0x5eb	0xdc3df52bb1d116471f18b4931895d91eeefdc2b3
0x16f6V0x5eb	0xffffffffffffffffffffffffffffffffffffffff
0x170bV0x5eb	0xdc3df52bb1d116471f18b4931895d91eeefdc2b3
0x170cV0x5eb	0x8fc
0x170fV0x5eb	0x85
0x1711V0x5eb	0x3e8
0x1716V0x5eb	0x0
0x1717V0x5eb	0x1
0x1718V0x5eb	0x171d
0x1546V0x5eb	0x6
0x1548V0x5eb	0x0
0x154bV0x5eb	0xffffffffffffffffffffffffffffffffffffffff
0x1561V0x5eb	0xffffffffffffffffffffffffffffffffffffffff
0x1579V0x5eb	0x20
0x157bV0x5eb	0x20
0x157fV0x5eb	0x20
0x1581V0x5eb	0x40
0x1582V0x5eb	0x0
0x1585V0x5eb	0x2
0x158dV0x5eb	0x6
0x158fV0x5eb	0x0
0x1592V0x5eb	0xffffffffffffffffffffffffffffffffffffffff
0x15a8V0x5eb	0xffffffffffffffffffffffffffffffffffffffff
0x15c0V0x5eb	0x20
0x15c2V0x5eb	0x20
0x15c6V0x5eb	0x20
0x15c8V0x5eb	0x40
0x15c9V0x5eb	0x0
0x15ccV0x5eb	0x3
0x15d4V0x5eb	0x6
0x15d6V0x5eb	0x0
0x15d9V0x5eb	0xffffffffffffffffffffffffffffffffffffffff
0x15efV0x5eb	0xffffffffffffffffffffffffffffffffffffffff
0x1607V0x5eb	0x20
0x1609V0x5eb	0x20
0x160dV0x5eb	0x20
0x160fV0x5eb	0x40
0x1610V0x5eb	0x0
0x1613V0x5eb	0x4
0x161aV0x5eb	0x20
0x161eV0x5eb	0x1628
0x1624V0x5eb	0x2b59
0x162aV0x5eb	0x1
0x162cV0x5eb	0x7
0x1631V0x5eb	0x1
0x163eV0x5eb	0x1
0x1643V0x5eb	0x0
0x1646V0x5eb	0x20
0x1648V0x5eb	0x0
0x164cV0x5eb	0x0
0x1655V0x5eb	0x100
0x1658V0x5eb	0x1
0x165cV0x5eb	0xffffffffffffffffffffffffffffffffffffffff
0x1671V0x5eb	0xffffffffffffffffffffffffffffffffffffffff
0x1672V0x5eb	0xffffffffffffffffffffffff0000000000000000000000000000000000000000
0x1676V0x5eb	0xffffffffffffffffffffffffffffffffffffffff
0x1692V0x5eb	0x6
0x1694V0x5eb	0x0
0x1697V0x5eb	0xffffffffffffffffffffffffffffffffffffffff
0x16adV0x5eb	0xffffffffffffffffffffffffffffffffffffffff
0x16c5V0x5eb	0x20
0x16c7V0x5eb	0x20
0x16cbV0x5eb	0x20
0x16cdV0x5eb	0x40
0x16ceV0x5eb	0x0
0x16d1V0x5eb	0x5
0x16d8V0x5eb	0x1
0x16dcV0x5eb	0x4d58e
0x1725V0x5eb	0x40
0x1728V0x5eb	0x0
0x172aV0x5eb	0x40
0x172fV0x5eb	0x0
0x173dV0x5eb	0x174a
0x174cV0x5eb	0x17a3
0x174fV0x5eb	0x179a
0x1752V0x5eb	0x6
0x1754V0x5eb	0x0
0x1757V0x5eb	0xffffffffffffffffffffffffffffffffffffffff
0x176dV0x5eb	0xffffffffffffffffffffffffffffffffffffffff
0x1785V0x5eb	0x20
0x1787V0x5eb	0x20
0x178bV0x5eb	0x20
0x178dV0x5eb	0x40
0x178eV0x5eb	0x0
0x1791V0x5eb	0x3
0x1796V0x5eb	0x2227
0x17a6V0x5eb	0x17fd
0x17a9V0x5eb	0x17f4
0x17acV0x5eb	0x6
0x17aeV0x5eb	0x0
0x17b1V0x5eb	0xffffffffffffffffffffffffffffffffffffffff
0x17c7V0x5eb	0xffffffffffffffffffffffffffffffffffffffff
0x17dfV0x5eb	0x20
0x17e1V0x5eb	0x20
0x17e5V0x5eb	0x20
0x17e7V0x5eb	0x40
0x17e8V0x5eb	0x0
0x17ebV0x5eb	0x3
0x17f0V0x5eb	0x2227
0x179bV0x5eb	0x25
0x179dV0x5eb	0x2a
0x179fV0x5eb	0x8a3
0x1800V0x5eb	0x18eb
0x1804V0x5eb	0x18e6
0x1807V0x5eb	0x6
0x1809V0x5eb	0x0
0x180cV0x5eb	0xffffffffffffffffffffffffffffffffffffffff
0x1822V0x5eb	0xffffffffffffffffffffffffffffffffffffffff
0x183aV0x5eb	0x20
0x183cV0x5eb	0x20
0x1840V0x5eb	0x20
0x1842V0x5eb	0x40
0x1843V0x5eb	0x0
0x1846V0x5eb	0x1
0x184bV0x5eb	0x1
0x184eV0x5eb	0x1
0x1852V0x5eb	0x100
0x1858V0x5eb	0x2
0x185dV0x5eb	0x1f
0x1860V0x5eb	0x20
0x1866V0x5eb	0x20
0x1869V0x5eb	0x40
0x186fV0x5eb	0x40
0x1879V0x5eb	0x20
0x187fV0x5eb	0x1
0x1882V0x5eb	0x1
0x1886V0x5eb	0x100
0x188cV0x5eb	0x2
0x1892V0x5eb	0x18dc
0x17f5V0x5eb	0x25
0x17f7V0x5eb	0x2a
0x17f9V0x5eb	0x8a3
0x18eeV0x5eb	0x0
0x18f3V0x5eb	0x18ff
0x18e7V0x5eb	0x9a4
0x18e2V0x5eb	0x2827
0x18b6V0x5eb	0x0
0x18b9V0x5eb	0x20
0x18bbV0x5eb	0x0
0x13e42V0x5eb	0x18bf
0x18c5V0x5eb	0x1
0x18c9V0x5eb	0x20
0x18cfV0x5eb	0x18bf
0x2828V0x5eb	0x60
0x282bV0x5eb	0x60
0x282dV0x5eb	0x0
0x2834V0x5eb	0x40
0x283cV0x5eb	0x1f
0x283fV0x5eb	0x1f
0x2841V0x5eb	0xffffffffffffffffffffffffffffffffffffffffffffffffffffffffffffffe0
0x2843V0x5eb	0x20
0x2848V0x5eb	0x40
0x284dV0x5eb	0x2865
0x1900V0x5eb	0x1
0x1905V0x5eb	0x1911
0x1912V0x5eb	0x2
0x1917V0x5eb	0x19c7
0x19c8V0x5eb	0x3
0x19cdV0x5eb	0x1a7e
0x1972V0x5eb	0x6
0x1974V0x5eb	0x0
0x1977V0x5eb	0xffffffffffffffffffffffffffffffffffffffff
0x198dV0x5eb	0xffffffffffffffffffffffffffffffffffffffff
0x19a5V0x5eb	0x20
0x19a7V0x5eb	0x20
0x19abV0x5eb	0x20
0x19adV0x5eb	0x40
0x19aeV0x5eb	0x0
0x19b1V0x5eb	0x2
0x19b7V0x5eb	0x0
0x19b8V0x5eb	0x1
0x19b9V0x5eb	0x19be
0x19c1V0x5eb	0x5
0x16642V0x5eb	0x19c7
0x1a7fV0x5eb	0x4
0x1a84V0x5eb	0x1b35
0x1a29V0x5eb	0x6
0x1a2bV0x5eb	0x0
0x1a2eV0x5eb	0xffffffffffffffffffffffffffffffffffffffff
0x1a44V0x5eb	0xffffffffffffffffffffffffffffffffffffffff
0x1a5cV0x5eb	0x20
0x1a5eV0x5eb	0x20
0x1a62V0x5eb	0x20
0x1a64V0x5eb	0x40
0x1a65V0x5eb	0x0
0x1a68V0x5eb	0x2
0x1a6eV0x5eb	0x0
0x1a6fV0x5eb	0x1
0x1a70V0x5eb	0x1a75
0x1a78V0x5eb	0x5
0x17042V0x5eb	0x1a7e
0x1b36V0x5eb	0x5
0x1b3bV0x5eb	0x1bec
0x1ae0V0x5eb	0x6
0x1ae2V0x5eb	0x0
0x1ae5V0x5eb	0xffffffffffffffffffffffffffffffffffffffff
0x1afbV0x5eb	0xffffffffffffffffffffffffffffffffffffffff
0x1b13V0x5eb	0x20
0x1b15V0x5eb	0x20
0x1b19V0x5eb	0x20
0x1b1bV0x5eb	0x40
0x1b1cV0x5eb	0x0
0x1b1fV0x5eb	0x2
0x1b25V0x5eb	0x0
0x1b26V0x5eb	0x1
0x1b27V0x5eb	0x1b2c
0x1b2fV0x5eb	0x5
0x17a42V0x5eb	0x1b35
0x1bedV0x5eb	0x0
0x1befV0x5eb	0x5
0x1bf4V0x5eb	0x1cf2
0x1b97V0x5eb	0x6
0x1b99V0x5eb	0x0
0x1b9cV0x5eb	0xffffffffffffffffffffffffffffffffffffffff
0x1bb2V0x5eb	0xffffffffffffffffffffffffffffffffffffffff
0x1bcaV0x5eb	0x20
0x1bccV0x5eb	0x20
0x1bd0V0x5eb	0x20
0x1bd2V0x5eb	0x40
0x1bd3V0x5eb	0x0
0x1bd6V0x5eb	0x2
0x1bdcV0x5eb	0x0
0x1bddV0x5eb	0x1
0x1bdeV0x5eb	0x1be3
0x1be6V0x5eb	0x5
0x18442V0x5eb	0x1bec
0x1cf3V0x5eb	0x129eb4f770b1b7289032954f435eb14a8ca800dec8e2d082ac92e2e50c3e165b
0x1d14V0x5eb	0x6
0x1d16V0x5eb	0x0
0x1d19V0x5eb	0xffffffffffffffffffffffffffffffffffffffff
0x1d2fV0x5eb	0xffffffffffffffffffffffffffffffffffffffff
0x1d47V0x5eb	0x20
0x1d49V0x5eb	0x20
0x1d4dV0x5eb	0x20
0x1d4fV0x5eb	0x40
0x1d50V0x5eb	0x0
0x1d53V0x5eb	0x0
0x1d56V0x5eb	0x0
0x1d5bV0x5eb	0x100
0x1d5eV0x5eb	0x1
0x1d61V0x5eb	0xffffffffffffffffffffffffffffffffffffffff
0x1d77V0x5eb	0x6
0x1d79V0x5eb	0x0
0x1d7cV0x5eb	0xffffffffffffffffffffffffffffffffffffffff
0x1d92V0x5eb	0xffffffffffffffffffffffffffffffffffffffff
0x1daaV0x5eb	0x20
0x1dacV0x5eb	0x20
0x1db0V0x5eb	0x20
0x1db2V0x5eb	0x40
0x1db3V0x5eb	0x0
0x1db6V0x5eb	0x1
0x1db9V0x5eb	0x6
0x1dbbV0x5eb	0x0
0x1dbeV0x5eb	0xffffffffffffffffffffffffffffffffffffffff
0x1dd4V0x5eb	0xffffffffffffffffffffffffffffffffffffffff
0x1decV0x5eb	0x20
0x1deeV0x5eb	0x20
0x1df2V0x5eb	0x20
0x1df4V0x5eb	0x40
0x1df5V0x5eb	0x0
0x1df8V0x5eb	0x2
0x1dfcV0x5eb	0x6
0x1dfeV0x5eb	0x0
0x1e01V0x5eb	0xffffffffffffffffffffffffffffffffffffffff
0x1e17V0x5eb	0xffffffffffffffffffffffffffffffffffffffff
0x1e2fV0x5eb	0x20
0x1e31V0x5eb	0x20
0x1e35V0x5eb	0x20
0x1e37V0x5eb	0x40
0x1e38V0x5eb	0x0
0x1e3bV0x5eb	0x3
0x1e3fV0x5eb	0x6
0x1e41V0x5eb	0x0
0x1e44V0x5eb	0xffffffffffffffffffffffffffffffffffffffff
0x1e5aV0x5eb	0xffffffffffffffffffffffffffffffffffffffff
0x1e72V0x5eb	0x20
0x1e74V0x5eb	0x20
0x1e78V0x5eb	0x20
0x1e7aV0x5eb	0x40
0x1e7bV0x5eb	0x0
0x1e7eV0x5eb	0x4
0x1e83V0x5eb	0x5
0x1e86V0x5eb	0x40
0x1e8bV0x5eb	0xffffffffffffffffffffffffffffffffffffffff
0x1ea1V0x5eb	0xffffffffffffffffffffffffffffffffffffffff
0x1eb9V0x5eb	0x20
0x1ebdV0x5eb	0x20
0x1ec3V0x5eb	0x20
0x1ec9V0x5eb	0x20
0x1ecdV0x5eb	0x20
0x1ed1V0x5eb	0x20
0x1ed7V0x5eb	0x20
0x1eddV0x5eb	0x20
0x1ee2V0x5eb	0x100
0x1ee9V0x5eb	0x1
0x1eecV0x5eb	0x1
0x1ef0V0x5eb	0x100
0x1ef6V0x5eb	0x2
0x1efcV0x5eb	0x20
0x1f03V0x5eb	0x1
0x1f06V0x5eb	0x1
0x1f0aV0x5eb	0x100
0x1f10V0x5eb	0x2
0x1f16V0x5eb	0x1f60
0x1c47V0x5eb	0x6
0x1c49V0x5eb	0x0
0x1c4cV0x5eb	0xffffffffffffffffffffffffffffffffffffffff
0x1c62V0x5eb	0xffffffffffffffffffffffffffffffffffffffff
0x1c7aV0x5eb	0x20
0x1c7cV0x5eb	0x20
0x1c80V0x5eb	0x20
0x1c82V0x5eb	0x40
0x1c83V0x5eb	0x0
0x1c86V0x5eb	0x0
0x1c89V0x5eb	0x0
0x1c8eV0x5eb	0x100
0x1c91V0x5eb	0x1
0x1c94V0x5eb	0xffffffffffffffffffffffffffffffffffffffff
0x1caaV0x5eb	0xffffffffffffffffffffffffffffffffffffffff
0x1cc0V0x5eb	0x8fc
0x1cc3V0x5eb	0x5
0x1ccbV0x5eb	0x40
0x1cceV0x5eb	0x0
0x1cd0V0x5eb	0x40
0x1cd5V0x5eb	0x0
0x1ce3V0x5eb	0x1cf0
0x1c40V0x5eb	0x5
0x18e42V0x5eb	0x1c46
0x19842V0x5eb	0x1cf2
0x1f6cV0x5eb	0x1
0x1f6fV0x5eb	0x1
0x1f73V0x5eb	0x100
0x1f79V0x5eb	0x2
0x1f7fV0x5eb	0x20
0x1f86V0x5eb	0x1
0x1f89V0x5eb	0x1
0x1f8dV0x5eb	0x100
0x1f93V0x5eb	0x2
0x1f99V0x5eb	0x1fe3
0x1f3aV0x5eb	0x0
0x1f3dV0x5eb	0x20
0x1f3fV0x5eb	0x0
0x1a242V0x5eb	0x1f43
0x1f49V0x5eb	0x1
0x1f4dV0x5eb	0x20
0x1f53V0x5eb	0x1f43
0x1ff1V0x5eb	0x20
0x1ff9V0x5eb	0x20
0x2000V0x5eb	0x0
0x1ca42V0x5eb	0x2002
0x1fbdV0x5eb	0x0
0x1fc0V0x5eb	0x20
0x1fc2V0x5eb	0x0
0x1b642V0x5eb	0x1fc6
0x1fccV0x5eb	0x1
0x1fd0V0x5eb	0x20
0x1fd6V0x5eb	0x1fc6
0x2028V0x5eb	0x1f
0x202dV0x5eb	0x204a
0x2007V0x5eb	0x201d
0x2059V0x5eb	0x40
0x2062V0x5eb	0x6
0x2064V0x5eb	0x0
0x2067V0x5eb	0xffffffffffffffffffffffffffffffffffffffff
0x207dV0x5eb	0xffffffffffffffffffffffffffffffffffffffff
0x2095V0x5eb	0x20
0x2097V0x5eb	0x20
0x209bV0x5eb	0x20
0x209dV0x5eb	0x40
0x209eV0x5eb	0x0
0x20a1V0x5eb	0x0
0x20a4V0x5eb	0x0
0x20a6V0x5eb	0x100
0x20a9V0x5eb	0x1
0x20adV0x5eb	0xffffffffffffffffffffffffffffffffffffffff
0x20c2V0x5eb	0xffffffffffffffffffffffffffffffffffffffff
0x20c3V0x5eb	0xffffffffffffffffffffffff0000000000000000000000000000000000000000
0x20c7V0x5eb	0xffffffffffffffffffffffffffffffffffffffff
0x20e3V0x5eb	0x6
0x20e5V0x5eb	0x0
0x20e8V0x5eb	0xffffffffffffffffffffffffffffffffffffffff
0x20feV0x5eb	0xffffffffffffffffffffffffffffffffffffffff
0x2116V0x5eb	0x20
0x2118V0x5eb	0x20
0x211cV0x5eb	0x20
0x211eV0x5eb	0x40
0x211fV0x5eb	0x0
0x2122V0x5eb	0x1
0x2129V0x5eb	0x20
0x212dV0x5eb	0x2137
0x2133V0x5eb	0x2b59
0x213aV0x5eb	0x6
0x213cV0x5eb	0x0
0x213fV0x5eb	0xffffffffffffffffffffffffffffffffffffffff
0x2155V0x5eb	0xffffffffffffffffffffffffffffffffffffffff
0x216dV0x5eb	0x20
0x216fV0x5eb	0x20
0x2173V0x5eb	0x20
0x2175V0x5eb	0x40
0x2176V0x5eb	0x0
0x2179V0x5eb	0x2
0x2181V0x5eb	0x6
0x2183V0x5eb	0x0
0x2186V0x5eb	0xffffffffffffffffffffffffffffffffffffffff
0x219cV0x5eb	0xffffffffffffffffffffffffffffffffffffffff
0x21b4V0x5eb	0x20
0x21b6V0x5eb	0x20
0x21baV0x5eb	0x20
0x21bcV0x5eb	0x40
0x21bdV0x5eb	0x0
0x21c0V0x5eb	0x3
0x21c8V0x5eb	0x6
0x21caV0x5eb	0x0
0x21cdV0x5eb	0xffffffffffffffffffffffffffffffffffffffff
0x21e3V0x5eb	0xffffffffffffffffffffffffffffffffffffffff
0x21fbV0x5eb	0x20
0x21fdV0x5eb	0x20
0x2201V0x5eb	0x20
0x2203V0x5eb	0x40
0x2204V0x5eb	0x0
0x2207V0x5eb	0x4
0x220eV0x5eb	0x20
0x2212V0x5eb	0x221c
0x2218V0x5eb	0x2b59
0x1de42V0x5eb	0x4d62e
0x2869V0x5eb	0x0
0x23842V0x5eb	0x286d
0x28aaV0x5eb	0x20
0x28afV0x5eb	0x100000000000000000000000000000000000000000000000000000000000000
0x28d2V0x5eb	0x100000000000000000000000000000000000000000000000000000000000000
0x28f4V0x5eb	0xffffffffffffffffffffffffffffffffffffffffffffffffffffffffffffff
0x2914V0x5eb	0xff00000000000000000000000000000000000000000000000000000000000000
0x291aV0x5eb	0x29c0
0x29c2V0x5eb	0x2aa9
0x2952V0x5eb	0x20
0x2957V0x5eb	0x100000000000000000000000000000000000000000000000000000000000000
0x297aV0x5eb	0x100000000000000000000000000000000000000000000000000000000000000
0x299cV0x5eb	0xffffffffffffffffffffffffffffffffffffffffffffffffffffffffffffff
0x29bcV0x5eb	0xff00000000000000000000000000000000000000000000000000000000000000
0x24242V0x5eb	0x29c0
0x2ab2V0x5eb	0x2ab7
0x29d7V0x5eb	0x20
0x29dcV0x5eb	0x100000000000000000000000000000000000000000000000000000000000000
0x29ffV0x5eb	0x100000000000000000000000000000000000000000000000000000000000000
0x2a21V0x5eb	0x100000000000000000000000000000000000000000000000000000000000000
0x2a45V0x5eb	0x100000000000000000000000000000000000000000000000000000000000000
0x2a6fV0x5eb	0x2a74
0x2a76V0x5eb	0x20
0x2a7bV0x5eb	0xffffffffffffffffffffffffffffffffffffffffffffffffffffffffffffff
0x2a9bV0x5eb	0xff00000000000000000000000000000000000000000000000000000000000000
0x2a9fV0x5eb	0x0
0x2aa5V0x5eb	0x2b41
0x2b44V0x5eb	0x1
0x2b4aV0x5eb	0x286d
0x2ab9V0x5eb	0x20
0x2abeV0x5eb	0x100000000000000000000000000000000000000000000000000000000000000
0x2ae1V0x5eb	0x100000000000000000000000000000000000000000000000000000000000000
0x2b0bV0x5eb	0x2b10
0x2b12V0x5eb	0x20
0x2b17V0x5eb	0xffffffffffffffffffffffffffffffffffffffffffffffffffffffffffffff
0x2b37V0x5eb	0xff00000000000000000000000000000000000000000000000000000000000000
0x2b3bV0x5eb	0x0
0x24c42V0x5eb	0x2b41
0x2873V0x5eb	0x2b4e
0x1897V0x5eb	0x1f
0x189aV0x5eb	0x18b1
0x18d6V0x5eb	0x1f
0x14842V0x5eb	0x18dc
0x1f1bV0x5eb	0x1f
0x1f1eV0x5eb	0x1f35
0x1f5aV0x5eb	0x1f
0x1ac42V0x5eb	0x1f60
0x1f9eV0x5eb	0x1f
0x1fa1V0x5eb	0x1fb8
0x1fddV0x5eb	0x1f
0x1c042V0x5eb	0x1fe3
0x2013V0x5eb	0x20
0x2019V0x5eb	0x2002
0x2036V0x5eb	0x1
0x2039V0x5eb	0x20
0x203cV0x5eb	0x100
0x2045V0x5eb	0x20
0x1d442V0x5eb	0x204a
0x2852V0x5eb	0x20
0x2855V0x5eb	0x20
0x22e42V0x5eb	0x2865
0x291fV0x5eb	0x5a
0x2921V0x5eb	0x100000000000000000000000000000000000000000000000000000000000000
0x2942V0x5eb	0x5a00000000000000000000000000000000000000000000000000000000000000
0x294bV0x5eb	0x2950
0x14090x9caV0x5eb	0x9d4
0x14090x9d0V0x5eb	0x2b59
0x14090x9c6V0x5eb	0x20
0x14090x9c4V0x5eb	0x0
0x14090x9c0V0x5eb	0x2
0x14090x9bbV0x5eb	0x0
0x14090x9b7V0x5eb	0x40
0x14090x9b1V0x5eb	0x40
0x14090x9afV0x5eb	0x20
0x14090x9adV0x5eb	0x0
0x14090x9aaV0x5eb	0x0
0x14090x9a7V0x5eb	0x60
0x14090x9a5V0x5eb	0x0
0x14090xd97V0x5eb	0xda1
0x14090xd9dV0x5eb	0x2b59
0x14090xd93V0x5eb	0x20
0x14090xd8dV0x5eb	0x2
0x14090xd8aV0x5eb	0x40
0x14090xd81V0x5eb	0x20
0x14090xd7eV0x5eb	0x40
0x14090xd76V0x5eb	0x1
0x14090xd72V0x5eb	0xff00000000000000000000000000000000000000000000000000000000000000
0x14090xd52V0x5eb	0xffffffffffffffffffffffffffffffffffffffffffffffffffffffffffffff
0x14090xd50V0x5eb	0xff00000000000000000000000000000000000000000000000000000000000000
0x14090xd30V0x5eb	0xffffffffffffffffffffffffffffffffffffffffffffffffffffffffffffff
0x14090xd2cV0x5eb	0x2
0x14090xd08V0x5eb	0x2a2a000000000000000000000000000000000000000000000000000000000000
0x14090xd04V0x5eb	0x1
0x14090xd00V0x5eb	0xff00000000000000000000000000000000000000000000000000000000000000
0x14090xce0V0x5eb	0xffffffffffffffffffffffffffffffffffffffffffffffffffffffffffffff
0x14090xcdeV0x5eb	0xff00000000000000000000000000000000000000000000000000000000000000
0x14090xcbeV0x5eb	0xffffffffffffffffffffffffffffffffffffffffffffffffffffffffffffff
0x14090xcbaV0x5eb	0x1
0x14090xc96V0x5eb	0x2a00000000000000000000000000000000000000000000000000000000000000
0x14090x22442V0x5eb	0x4d656
0x14090x2803V0x5eb	0xffffffffffffffffffffffffffffffffffffffffffffffffffffffffffffffff
0x14090x2801V0x5eb	0x0
0x14090x27f9V0x5eb	0x40
0x14090x27daV0x5eb	0x100
0x14090x27d7V0x5eb	0x20
0x14090x27d4V0x5eb	0x1
0x14090x21a42V0x5eb	0x27ae
0x14090x27a7V0x5eb	0x20
0x14090x279fV0x5eb	0x40
0x14090x279cV0x5eb	0x40
0x14090x2793V0x5eb	0x20
0x14090x2790V0x5eb	0x40
0x14090x2771V0x5eb	0x100
0x14090x276eV0x5eb	0x20
0x14090x276bV0x5eb	0x1
0x14090x21042V0x5eb	0x2745
0x14090x273eV0x5eb	0x20
0x14090x273cV0x5eb	0x1
0x14090x2736V0x5eb	0x20
0x14090x2733V0x5eb	0x40
0x14090x2730V0x5eb	0xffffffffffffffffffffffffffffffffffffffffffffffffffffffffffffffff
0x14090x272eV0x5eb	0x0
0x14090x2726V0x5eb	0x40
0x14090x2707V0x5eb	0x100
0x14090x2704V0x5eb	0x20
0x14090x2701V0x5eb	0x1
0x14090x20642V0x5eb	0x26db
0x14090x26d4V0x5eb	0x20
0x14090x26ccV0x5eb	0x40
0x14090x26c9V0x5eb	0x40
0x14090x26c0V0x5eb	0x20
0x14090x26bdV0x5eb	0x40
0x14090x269eV0x5eb	0x100
0x14090x269bV0x5eb	0x20
0x14090x2698V0x5eb	0x1
0x14090x1fc42V0x5eb	0x2672
0x14090x266bV0x5eb	0x20
0x14090x2669V0x5eb	0x1
0x14090x2663V0x5eb	0x20
0x14090x2660V0x5eb	0x40
0x14090xf842V0x5eb	0xe67
0x14090xe61V0x5eb	0x1
0x14090xe5bV0x5eb	0x0
0x14090xe58V0x5eb	0x5900000000000000000000000000000000000000000000000000000000000000
0x14090xe57V0x5eb	0xff00000000000000000000000000000000000000000000000000000000000000
0x14090xe37V0x5eb	0xffffffffffffffffffffffffffffffffffffffffffffffffffffffffffffff
0x14090xe32V0x5eb	0x20
0x14090xee42V0x5eb	0xc7e
0x14090xc7aV0x5eb	0x0
0x14090xc78V0x5eb	0x20
0x14090xc75V0x5eb	0x0
0x14090xda42V0x5eb	0x9e4
0x14090x9e0V0x5eb	0x0
0x14090x9dcV0x5eb	0x0
0x14090x27cfV0x5eb	0x27ae
0x14090x27c9V0x5eb	0x20
0x14090x27c3V0x5eb	0x20
0x14090x27bdV0x5eb	0x20
0x14090x27b5V0x5eb	0x27d3
0x14090x27afV0x5eb	0x20
0x14090x2766V0x5eb	0x2745
0x14090x2760V0x5eb	0x20
0x14090x275aV0x5eb	0x20
0x14090x2754V0x5eb	0x20
0x14090x274cV0x5eb	0x276a
0x14090x2746V0x5eb	0x20
0x14090x26fcV0x5eb	0x26db
0x14090x26f6V0x5eb	0x20
0x14090x26f0V0x5eb	0x20
0x14090x26eaV0x5eb	0x20
0x14090x26e2V0x5eb	0x2700
0x14090x26dcV0x5eb	0x20
0x14090x2693V0x5eb	0x2672
0x14090x268dV0x5eb	0x20
0x14090x2687V0x5eb	0x20
0x14090x2681V0x5eb	0x20
0x14090x2679V0x5eb	0x2697
0x14090x2673V0x5eb	0x20
0x14090x2652V0x5eb	0x265e
0x14090x2651V0x5eb	0x1
0x14090x2650V0x5eb	0x0
0x14090x264fV0x5eb	0x1
0x14090x264eV0x5eb	0x1
0x14090x264cV0x5eb	0x1
0x14090x2649V0x5eb	0x0
0x14090xe7dV0x5eb	0x9e4
0x14090xe77V0x5eb	0x1
0x14090xe70V0x5eb	0x9f2
0x14090xe6aV0x5eb	0x1
0x14090xe2bV0x5eb	0xe30
0x14090xe02V0x5eb	0x5900000000000000000000000000000000000000000000000000000000000000
0x14090xdfcV0x5eb	0x0
0x14090xdf9V0x5eb	0x5800000000000000000000000000000000000000000000000000000000000000
0x14090xdf8V0x5eb	0xff00000000000000000000000000000000000000000000000000000000000000
0x14090xdd8V0x5eb	0xffffffffffffffffffffffffffffffffffffffffffffffffffffffffffffff
0x14090xdd3V0x5eb	0x20
0x14090xdccV0x5eb	0xdd1
0x14090xda3V0x5eb	0x5800000000000000000000000000000000000000000000000000000000000000
0x14090xc8eV0x5eb	0xc7e
0x14090xc88V0x5eb	0x20
0x14090xc84V0x5eb	0x1
0x14090xc5aV0x5eb	0xc70
0x14090xc57V0x5eb	0x1f
0x14090xc52V0x5eb	0xc92
0x14090xc4cV0x5eb	0x2
0x14090xc46V0x5eb	0x100
0x14090xc42V0x5eb	0x1
0x14090xc3fV0x5eb	0x1
0x14090xc38V0x5eb	0x20
0x14090xc35V0x5eb	0x40
0x14090xc13V0x5eb	0x100000000000000000000000000000000000000000000000000000000000000
0x14090xbf0V0x5eb	0x100000000000000000000000000000000000000000000000000000000000000
0x14090xbebV0x5eb	0x20
0x14090xbe4V0x5eb	0xbe9
0x14090xbbaV0x5eb	0x100000000000000000000000000000000000000000000000000000000000000
0x14090xb97V0x5eb	0x100000000000000000000000000000000000000000000000000000000000000
0x14090xb92V0x5eb	0x20
0x14090xb7dV0x5eb	0xe67
0x14090xb77V0x5eb	0x2648
0x14090xb74V0x5eb	0x40
0x14090xb70V0x5eb	0x1
0x14090xb6fV0x5eb	0x21
0x14090xb6bV0x5eb	0x20
0x14090xb68V0x5eb	0x40
0x14090xb62V0x5eb	0x1
0x14090xb5eV0x5eb	0xff00000000000000000000000000000000000000000000000000000000000000
0x14090xb3eV0x5eb	0xffffffffffffffffffffffffffffffffffffffffffffffffffffffffffffff
0x14090xb3cV0x5eb	0xff00000000000000000000000000000000000000000000000000000000000000
0x14090xb1cV0x5eb	0xffffffffffffffffffffffffffffffffffffffffffffffffffffffffffffff
0x14090xb17V0x5eb	0x20
0x14090xb14V0x5eb	0x40
0x14090xaf2V0x5eb	0x100000000000000000000000000000000000000000000000000000000000000
0x14090xacfV0x5eb	0x100000000000000000000000000000000000000000000000000000000000000
0x14090xacaV0x5eb	0x20
0x14090xac3V0x5eb	0xac8
0x14090xab8V0x5eb	0x40
0x14090xab4V0x5eb	0x1
0x14090xab3V0x5eb	0x21
0x14090xaafV0x5eb	0x20
0x14090xaacV0x5eb	0x40
0x14090xaa6V0x5eb	0x1
0x14090xaa2V0x5eb	0xff00000000000000000000000000000000000000000000000000000000000000
0x14090xa82V0x5eb	0xffffffffffffffffffffffffffffffffffffffffffffffffffffffffffffff
0x14090xa80V0x5eb	0xff00000000000000000000000000000000000000000000000000000000000000
0x14090xa60V0x5eb	0xffffffffffffffffffffffffffffffffffffffffffffffffffffffffffffff
0x14090xa5bV0x5eb	0x20
0x14090xa58V0x5eb	0x40
0x14090xa36V0x5eb	0x100000000000000000000000000000000000000000000000000000000000000
0x14090xa13V0x5eb	0x100000000000000000000000000000000000000000000000000000000000000
0x14090xa0eV0x5eb	0x20
0x14090x9f8V0x5eb	0xe74
0x14090x9f3V0x5eb	0x5
0x14090x9eaV0x5eb	0xe81
0x14090x9e5V0x5eb	0x5
0x2b5dV0x146dV0x5eb	0x1
0x2b60V0x146dV0x5eb	0x1
0x2b64V0x146dV0x5eb	0x100
0x2b6aV0x146dV0x5eb	0x2
0x2b6fV0x146dV0x5eb	0x0
0x2b72V0x146dV0x5eb	0x20
0x2b74V0x146dV0x5eb	0x0
0x2b78V0x146dV0x5eb	0x1f
0x2b7bV0x146dV0x5eb	0x20
0x2b83V0x146dV0x5eb	0x1f
0x2b86V0x146dV0x5eb	0x2b9a
0x2b9eV0x146dV0x5eb	0x1
0x2ba5V0x146dV0x5eb	0x2bc8
0x2bccV0x146dV0x5eb	0x2bd5
0x2bd1V0x146dV0x5eb	0x2bd9
0x26042V0x146dV0x5eb	0x2bc8
0x2bb1V0x146dV0x5eb	0x2bc7
0x2b8cV0x146dV0x5eb	0xff
0x2b8eV0x146dV0x5eb	0xffffffffffffffffffffffffffffffffffffffffffffffffffffffffffffff00
0x2b96V0x146dV0x5eb	0x2bc8
0x25642V0x146dV0x5eb	0x2bac
0x2bbaV0x146dV0x5eb	0x20
0x2bbfV0x146dV0x5eb	0x1
0x2bc3V0x146dV0x5eb	0x2bac
0x2bdaV0x2bc8V0x146dV0x5eb	0x2bfb
0x26a42V0x2bc8V0x146dV0x5eb	0x2bdf
0x2be8V0x2bd9V0x2bc8V0x146dV0x5eb	0x0
0x2bebV0x2bd9V0x2bc8V0x146dV0x5eb	0x0
0x2bf0V0x2bd9V0x2bc8V0x146dV0x5eb	0x1
0x2bf3V0x2bd9V0x2bc8V0x146dV0x5eb	0x2bdf
0x2be4V0x2bd9V0x2bc8V0x146dV0x5eb	0x2bf7
0x2b5dV0x1543V0x5eb	0x1
0x2b60V0x1543V0x5eb	0x1
0x2b64V0x1543V0x5eb	0x100
0x2b6aV0x1543V0x5eb	0x2
0x2b6fV0x1543V0x5eb	0x0
0x2b72V0x1543V0x5eb	0x20
0x2b74V0x1543V0x5eb	0x0
0x2b78V0x1543V0x5eb	0x1f
0x2b7bV0x1543V0x5eb	0x20
0x2b83V0x1543V0x5eb	0x1f
0x2b86V0x1543V0x5eb	0x2b9a
0x2b9eV0x1543V0x5eb	0x1
0x2ba5V0x1543V0x5eb	0x2bc8
0x2bccV0x1543V0x5eb	0x2bd5
0x2bd1V0x1543V0x5eb	0x2bd9
0x26042V0x1543V0x5eb	0x2bc8
0x2bb1V0x1543V0x5eb	0x2bc7
0x2b8cV0x1543V0x5eb	0xff
0x2b8eV0x1543V0x5eb	0xffffffffffffffffffffffffffffffffffffffffffffffffffffffffffffff00
0x2b96V0x1543V0x5eb	0x2bc8
0x25642V0x1543V0x5eb	0x2bac
0x2bbaV0x1543V0x5eb	0x20
0x2bbfV0x1543V0x5eb	0x1
0x2bc3V0x1543V0x5eb	0x2bac
0x2bdaV0x2bc8V0x1543V0x5eb	0x2bfb
0x26a42V0x2bc8V0x1543V0x5eb	0x2bdf
0x2be8V0x2bd9V0x2bc8V0x1543V0x5eb	0x0
0x2bebV0x2bd9V0x2bc8V0x1543V0x5eb	0x0
0x2bf0V0x2bd9V0x2bc8V0x1543V0x5eb	0x1
0x2bf3V0x2bd9V0x2bc8V0x1543V0x5eb	0x2bdf
0x2be4V0x2bd9V0x2bc8V0x1543V0x5eb	0x2bf7
0x2b5dV0x204aV0x5eb	0x1
0x2b60V0x204aV0x5eb	0x1
0x2b64V0x204aV0x5eb	0x100
0x2b6aV0x204aV0x5eb	0x2
0x2b6fV0x204aV0x5eb	0x0
0x2b72V0x204aV0x5eb	0x20
0x2b74V0x204aV0x5eb	0x0
0x2b78V0x204aV0x5eb	0x1f
0x2b7bV0x204aV0x5eb	0x20
0x2b83V0x204aV0x5eb	0x1f
0x2b86V0x204aV0x5eb	0x2b9a
0x2b9eV0x204aV0x5eb	0x1
0x2ba5V0x204aV0x5eb	0x2bc8
0x2bccV0x204aV0x5eb	0x2bd5
0x2bd1V0x204aV0x5eb	0x2bd9
0x26042V0x204aV0x5eb	0x2bc8
0x2bb1V0x204aV0x5eb	0x2bc7
0x2b8cV0x204aV0x5eb	0xff
0x2b8eV0x204aV0x5eb	0xffffffffffffffffffffffffffffffffffffffffffffffffffffffffffffff00
0x2b96V0x204aV0x5eb	0x2bc8
0x25642V0x204aV0x5eb	0x2bac
0x2bbaV0x204aV0x5eb	0x20
0x2bbfV0x204aV0x5eb	0x1
0x2bc3V0x204aV0x5eb	0x2bac
0x2bdaV0x2bc8V0x204aV0x5eb	0x2bfb
0x26a42V0x2bc8V0x204aV0x5eb	0x2bdf
0x2be8V0x2bd9V0x2bc8V0x204aV0x5eb	0x0
0x2bebV0x2bd9V0x2bc8V0x204aV0x5eb	0x0
0x2bf0V0x2bd9V0x2bc8V0x204aV0x5eb	0x1
0x2bf3V0x2bd9V0x2bc8V0x204aV0x5eb	0x2bdf
0x2be4V0x2bd9V0x2bc8V0x204aV0x5eb	0x2bf7
0x2b5dV0x2137V0x5eb	0x1
0x2b60V0x2137V0x5eb	0x1
0x2b64V0x2137V0x5eb	0x100
0x2b6aV0x2137V0x5eb	0x2
0x2b6fV0x2137V0x5eb	0x0
0x2b72V0x2137V0x5eb	0x20
0x2b74V0x2137V0x5eb	0x0
0x2b78V0x2137V0x5eb	0x1f
0x2b7bV0x2137V0x5eb	0x20
0x2b83V0x2137V0x5eb	0x1f
0x2b86V0x2137V0x5eb	0x2b9a
0x2b9eV0x2137V0x5eb	0x1
0x2ba5V0x2137V0x5eb	0x2bc8
0x2bccV0x2137V0x5eb	0x2bd5
0x2bd1V0x2137V0x5eb	0x2bd9
0x26042V0x2137V0x5eb	0x2bc8
0x2bb1V0x2137V0x5eb	0x2bc7
0x2b8cV0x2137V0x5eb	0xff
0x2b8eV0x2137V0x5eb	0xffffffffffffffffffffffffffffffffffffffffffffffffffffffffffffff00
0x2b96V0x2137V0x5eb	0x2bc8
0x25642V0x2137V0x5eb	0x2bac
0x2bbaV0x2137V0x5eb	0x20
0x2bbfV0x2137V0x5eb	0x1
0x2bc3V0x2137V0x5eb	0x2bac
0x2bdaV0x2bc8V0x2137V0x5eb	0x2bfb
0x26a42V0x2bc8V0x2137V0x5eb	0x2bdf
0x2be8V0x2bd9V0x2bc8V0x2137V0x5eb	0x0
0x2bebV0x2bd9V0x2bc8V0x2137V0x5eb	0x0
0x2bf0V0x2bd9V0x2bc8V0x2137V0x5eb	0x1
0x2bf3V0x2bd9V0x2bc8V0x2137V0x5eb	0x2bdf
0x2be4V0x2bd9V0x2bc8V0x2137V0x5eb	0x2bf7
0x2b5dV0x9a40x1409V0x5eb	0x1
0x2b60V0x9a40x1409V0x5eb	0x1
0x2b64V0x9a40x1409V0x5eb	0x100
0x2b6aV0x9a40x1409V0x5eb	0x2
0x2b6fV0x9a40x1409V0x5eb	0x0
0x2b72V0x9a40x1409V0x5eb	0x20
0x2b74V0x9a40x1409V0x5eb	0x0
0x2b78V0x9a40x1409V0x5eb	0x1f
0x2b7bV0x9a40x1409V0x5eb	0x20
0x2b83V0x9a40x1409V0x5eb	0x1f
0x2b85V0x9a40x1409V0x5eb	0x0
0x2b86V0x9a40x1409V0x5eb	0x2b9a
0x2b9dV0x9a40x1409V0x5eb	0x0
0x2b9eV0x9a40x1409V0x5eb	0x1
0x2ba0V0x9a40x1409V0x5eb	0x1
0x2ba4V0x9a40x1409V0x5eb	0x1
0x2ba5V0x9a40x1409V0x5eb	0x2bc8
0x2bccV0x9a40x1409V0x5eb	0x2bd5
0x2bd1V0x9a40x1409V0x5eb	0x2bd9
0x26042V0x9a40x1409V0x5eb	0x2bc8
0x2bb1V0x9a40x1409V0x5eb	0x2bc7
0x2b8cV0x9a40x1409V0x5eb	0xff
0x2b8eV0x9a40x1409V0x5eb	0xffffffffffffffffffffffffffffffffffffffffffffffffffffffffffffff00
0x2b92V0x9a40x1409V0x5eb	0x0
0x2b96V0x9a40x1409V0x5eb	0x2bc8
0x25642V0x9a40x1409V0x5eb	0x2bac
0x2bbaV0x9a40x1409V0x5eb	0x20
0x2bbfV0x9a40x1409V0x5eb	0x1
0x2bc3V0x9a40x1409V0x5eb	0x2bac
0x2bdaV0x2bc8V0x9a40x1409V0x5eb	0x2bfb
0x26a42V0x2bc8V0x9a40x1409V0x5eb	0x2bdf
0x2be8V0x2bd9V0x2bc8V0x9a40x1409V0x5eb	0x0
0x2bebV0x2bd9V0x2bc8V0x9a40x1409V0x5eb	0x0
0x2bf0V0x2bd9V0x2bc8V0x9a40x1409V0x5eb	0x1
0x2bf3V0x2bd9V0x2bc8V0x9a40x1409V0x5eb	0x2bdf
0x2be4V0x2bd9V0x2bc8V0x9a40x1409V0x5eb	0x2bf7
0x2b5dV0xc920x1409V0x5eb	0x1
0x2b60V0xc920x1409V0x5eb	0x1
0x2b64V0xc920x1409V0x5eb	0x100
0x2b6aV0xc920x1409V0x5eb	0x2
0x2b6fV0xc920x1409V0x5eb	0x0
0x2b72V0xc920x1409V0x5eb	0x20
0x2b74V0xc920x1409V0x5eb	0x0
0x2b78V0xc920x1409V0x5eb	0x1f
0x2b7bV0xc920x1409V0x5eb	0x20
0x2b83V0xc920x1409V0x5eb	0x1f
0x2b86V0xc920x1409V0x5eb	0x2b9a
0x2b9eV0xc920x1409V0x5eb	0x1
0x2ba5V0xc920x1409V0x5eb	0x2bc8
0x2bccV0xc920x1409V0x5eb	0x2bd5
0x2bd1V0xc920x1409V0x5eb	0x2bd9
0x26042V0xc920x1409V0x5eb	0x2bc8
0x2bb1V0xc920x1409V0x5eb	0x2bc7
0x2b8cV0xc920x1409V0x5eb	0xff
0x2b8eV0xc920x1409V0x5eb	0xffffffffffffffffffffffffffffffffffffffffffffffffffffffffffffff00
0x2b96V0xc920x1409V0x5eb	0x2bc8
0x25642V0xc920x1409V0x5eb	0x2bac
0x2bbaV0xc920x1409V0x5eb	0x20
0x2bbfV0xc920x1409V0x5eb	0x1
0x2bc3V0xc920x1409V0x5eb	0x2bac
0x2bdaV0x2bc8V0xc920x1409V0x5eb	0x2bfb
0x26a42V0x2bc8V0xc920x1409V0x5eb	0x2bdf
0x2be8V0x2bd9V0x2bc8V0xc920x1409V0x5eb	0x0
0x2bebV0x2bd9V0x2bc8V0xc920x1409V0x5eb	0x0
0x2bf0V0x2bd9V0x2bc8V0xc920x1409V0x5eb	0x1
0x2bf3V0x2bd9V0x2bc8V0xc920x1409V0x5eb	0x2bdf
0x2be4V0x2bd9V0x2bc8V0xc920x1409V0x5eb	0x2bf7
