0xbb1	0xbb1arg0x0	0
0xc6d	0xc6darg0x0	0
0xc6d	0xc6darg0x1	1
0xcfb	0xcfbarg0x0	0
0xcfb	0xcfbarg0x1	1
0x16cc	0x16ccarg0x1	1
0x16cc	0x16ccarg0x0	0
0x16cc	0x16ccarg0x2	2
0x1b8c	0x1b8carg0x1	1
0x1b8c	0x1b8carg0x0	0
0x1b8c	0x1b8carg0x2	2
0x20a6	0x20a6arg0x0	0
0x20a6	0x20a6arg0x2	2
0x20a6	0x20a6arg0x1	1
0x20a6	0x20a6arg0x3	3
0x20e8	0x20e8arg0x2	2
0x20e8	0x20e8arg0x1	1
0x20e8	0x20e8arg0x0	0
0x20e8	0x20e8arg0x3	3
0x260b	0x260barg0x0	0
0x260b	0x260barg0x1	1
0x260b	0x260barg0x2	2
0x277b	0x277barg0x1	1
0x277b	0x277barg0x0	0
0x277b	0x277barg0x2	2
0x34d8	0x34d8arg0x0	0
0x34d8	0x34d8arg0x1	1
0x34d8	0x34d8arg0x2	2
0x34ba	0x34baarg0x0	0
0x34ba	0x34baarg0x1	1
0x34ba	0x34baarg0x2	2
0x34f0	0x34f0arg0x1	1
0x34f0	0x34f0arg0x0	0
0x34f0	0x34f0arg0x2	2
0x350a	0x350aarg0x0	0
0x350a	0x350aarg0x1	1
0x350a	0x350aarg0x2	2
0x351c	0x351carg0x0	0
0x351c	0x351carg0x1	1
0x351c	0x351carg0x2	2
