0x231d	0x2354
0x231d	0x3298
0x2d1aB0x2d43B0x2d6fB0x1524	0x2d32B0x2d43B0x2d6fB0x1524
0x2d1aB0x2d43B0x2d6fB0x1524	0x2d23B0x2d43B0x2d6fB0x1524
0x2d1aB0x2d43B0x2d6fB0x1703	0x2d32B0x2d43B0x2d6fB0x1703
0x2d1aB0x2d43B0x2d6fB0x1703	0x2d23B0x2d43B0x2d6fB0x1703
0x1223B0x5bb	0x1238B0x5bb
0x1223B0x5bb	0x1264B0x5bb
0x1223B0x5bb	0x12bcB0x5bb
0x1223B0x5bb	0x2e2bB0x123fB0x5bb
0x1223B0x5bb	0x2daeB0x2e2fB0x123fB0x5bb
0x1223B0x5bb	0x2e2bB0x12c3B0x5bb
0x1223B0x5bb	0x2daeB0x2e2fB0x12c3B0x5bb
0x18e5B0x6b1	0x18faB0x6b1
0x18e5B0x6b1	0x1926B0x6b1
0x18e5B0x6b1	0x197eB0x6b1
0x18e5B0x6b1	0x2e2bB0x1901B0x6b1
0x18e5B0x6b1	0x2daeB0x2e2fB0x1901B0x6b1
0x18e5B0x6b1	0x2e2bB0x1985B0x6b1
0x18e5B0x6b1	0x2daeB0x2e2fB0x1985B0x6b1
0x2d1aB0x2d43B0x2d6fB0xd10B0x458	0x2d32B0x2d43B0x2d6fB0xd10B0x458
0x2d1aB0x2d43B0x2d6fB0xd10B0x458	0x2d23B0x2d43B0x2d6fB0xd10B0x458
0x2d1aB0x2d43B0x2d6fB0x1486B0x649	0x2d32B0x2d43B0x2d6fB0x1486B0x649
0x2d1aB0x2d43B0x2d6fB0x1486B0x649	0x2d23B0x2d43B0x2d6fB0x1486B0x649
