0x40	0x2d	1
0x40	0x3e	0
0x4	0x3	0
0x8	0x4	1
0x8	0x5	0
0xe0	0xc9	1
0xe0	0xdf	0
0x3	0x0	1
0x3	0x2	0
0x10	0xe	0
0xa4	0xa2	0
0xba	0xae	1
0xba	0xb8	0
0xc7	0xc0	1
0xc7	0xc2	0
0xcf	0xcc	0
0xd3	0xcf	0
0xd3	0xd0	1
0xdf	0xcf	1
0xdf	0xdd	0
0xe2	0xe0	0
0xe6	0xe3	0
0xea	0xe6	0
0xea	0xe7	1
0xfd	0xf9	1
0xfd	0xfb	0
0xfe	0xe6	1
0xfe	0xfd	0
0xff	0xfe	0
0x100	0xff	0
0x10d	0x10a	0
0x111	0x10d	0
0x111	0x10e	1
0x124	0x120	1
0x124	0x122	0
0x125	0x10d	1
0x125	0x124	0
0x126	0x125	0
0x128	0x126	1
0x128	0x127	0
0x148	0x145	0
0x14c	0x148	0
0x14c	0x149	1
0x15f	0x15b	1
0x15f	0x15d	0
0x160	0x148	1
0x160	0x15f	0
0x161	0x160	0
0x163	0x132	5
0x163	0x134	4
0x163	0x137	3
0x163	0x142	2
0x163	0x161	1
0x163	0x162	0
0x173	0x170	0
0x176	0xe2	0
0x176	0x173	1
0x178	0xe2	0
0x17c	0xe2	1
0x17c	0x176	0
0x17d	0x173	1
0x17d	0x17c	0
0x17e	0x178	1
0x17e	0x17d	0
0x194	0xbd	0
0x197	0x194	1
0x197	0x195	0
0x19c	0xc7	0
0x19c	0x197	1
0x19d	0x19c	0
0x1b1	0x1ae	0
0x1b2	0x1ac	1
0x1b2	0x1b1	0
0x1b3	0x1b2	0
0x1b4	0x1b3	0
0x1c3	0x1c0	0
0x1c4	0x1be	1
0x1c4	0x1c3	0
0x1c8	0x1c4	1
0x1c8	0x1c5	0
0x1c9	0x1c8	0
0x1cf	0x1cc	0
0x1d0	0x1ca	1
0x1d0	0x1cf	0
0x1dd	0x1da	0
0x1e3	0x1e1	0
0x1fc	0x1f8	0
0x202	0x1f8	1
0x202	0x200	0
0x203	0x202	0
0x207	0x1f5	1
0x207	0x205	0
0x215	0x20e	1
0x215	0x210	0
0x21d	0x21a	0
0x221	0x21d	0
0x221	0x21e	1
0x22d	0x21d	1
0x22d	0x22b	0
0x22e	0x217	1
0x22e	0x22d	0
0x22f	0x22e	0
0x233	0x230	0
0x237	0x233	0
0x237	0x234	1
0x24a	0x246	1
0x24a	0x248	0
0x24b	0x233	1
0x24b	0x24a	0
0x24c	0x24b	0
0x24f	0x22f	0
0x24f	0x24c	1
0x251	0x22f	0
0x255	0x22f	1
0x255	0x24f	0
0x256	0x24c	1
0x256	0x255	0
0x257	0x251	1
0x257	0x256	0
0x27d	0x24f	0
0x27d	0x268	1
0x288	0x285	0
0x28c	0x288	0
0x28c	0x289	1
0x298	0x288	1
0x298	0x296	0
0x299	0x282	1
0x299	0x298	0
0x29d	0x20b	0
0x2a0	0x29d	1
0x2a0	0x29e	0
0x2a5	0x215	0
0x2a5	0x2a0	1
0x2a6	0x2a5	0
0x2ba	0x2b7	0
0x2bb	0x2b5	1
0x2bb	0x2ba	0
0x2bc	0x2bb	0
0x2bd	0x2bc	0
0x2cc	0x2c9	0
0x2cd	0x2c7	1
0x2cd	0x2cc	0
0x2d1	0x2cd	1
0x2d1	0x2ce	0
0x2d2	0x2d1	0
0x2d8	0x2d5	0
0x2d9	0x2d3	1
0x2d9	0x2d8	0
0x2e6	0x2e3	0
0x2ec	0x2ea	0
0x30d	0x309	0
0x313	0x309	1
0x313	0x311	0
0x314	0x313	0
0x318	0x306	1
0x318	0x316	0
0x326	0x31f	1
0x326	0x321	0
0x32e	0x32b	0
0x332	0x32e	0
0x332	0x32f	1
0x33e	0x32e	1
0x33e	0x33c	0
0x33f	0x328	1
0x33f	0x33e	0
0x340	0x33f	0
0x347	0x344	0
0x34b	0x347	0
0x34b	0x348	1
0x357	0x347	1
0x357	0x355	0
0x358	0x341	1
0x358	0x357	0
0x359	0x358	0
0x35c	0x340	0
0x35c	0x359	1
0x35e	0x340	0
0x362	0x340	1
0x362	0x35c	0
0x363	0x359	1
0x363	0x362	0
0x364	0x35e	1
0x364	0x363	0
0x38a	0x35c	0
0x38a	0x375	1
0x395	0x392	0
0x399	0x395	0
0x399	0x396	1
0x3a5	0x395	1
0x3a5	0x3a3	0
0x3a6	0x38f	1
0x3a6	0x3a5	0
0x3aa	0x31c	0
0x3ad	0x3aa	1
0x3ad	0x3ab	0
0x3b2	0x326	0
0x3b2	0x3ad	1
0x3b3	0x3b2	0
0x3c7	0x3c4	0
0x3c8	0x3c2	1
0x3c8	0x3c7	0
0x3c9	0x3c8	0
0x3ca	0x3c9	0
0x3d9	0x3d6	0
0x3da	0x3d4	1
0x3da	0x3d9	0
0x3de	0x3da	1
0x3de	0x3db	0
0x3df	0x3de	0
0x3e5	0x3e2	0
0x3e6	0x3e0	1
0x3e6	0x3e5	0
0x3f3	0x3f0	0
0x3f9	0x3f7	0
0x41b	0x414	1
0x41b	0x416	0
0x422	0x41f	0
0x423	0x41d	1
0x423	0x422	0
0x427	0x423	1
0x427	0x424	0
0x428	0x427	0
0x431	0x42d	0
0x435	0x432	0
0x439	0x431	0
0x439	0x435	1
0x43a	0x431	1
0x43a	0x439	0
0x43b	0x43a	0
0x447	0x431	0
0x447	0x435	1
0x451	0x411	0
0x454	0x451	1
0x454	0x452	0
0x459	0x41b	0
0x459	0x454	1
0x45a	0x459	0
0x465	0x462	0
0x466	0x465	0
0x467	0x466	0
0x473	0x471	0
0x477	0x474	0
0x484	0x481	0
0x48b	0x489	0
0x490	0x48b	0
0x490	0x48c	1
0x492	0x48b	0
0x496	0x48b	1
0x496	0x490	0
0x497	0x48c	1
0x497	0x496	0
0x498	0x492	1
0x498	0x497	0
0x4b7	0x4b0	1
0x4b7	0x4b2	0
0x4bc	0x4b9	0
0x4cb	0x4c4	1
0x4cb	0x4c6	0
0x4d2	0x4cf	0
0x4d3	0x4cd	1
0x4d3	0x4d2	0
0x4d7	0x4d3	1
0x4d7	0x4d4	0
0x4d8	0x4d7	0
0x4e0	0x4dd	0
0x4e4	0x4e1	0
0x4e7	0x4e0	0
0x4e7	0x4e4	1
0x4e9	0x4e0	0
0x4ed	0x4e0	1
0x4ed	0x4e7	0
0x4ee	0x4e4	1
0x4ee	0x4ed	0
0x4ef	0x4e9	1
0x4ef	0x4ee	0
0x503	0x500	0
0x508	0x503	0
0x508	0x504	1
0x50a	0x503	0
0x50e	0x503	1
0x50e	0x508	0
0x50f	0x504	1
0x50f	0x50e	0
0x510	0x50a	1
0x510	0x50f	0
0x526	0x508	0
0x526	0x521	1
0x527	0x508	1
0x527	0x526	0
0x528	0x527	0
0x534	0x508	0
0x534	0x521	1
0x545	0x4e7	0
0x545	0x534	1
0x550	0x4c1	0
0x553	0x550	1
0x553	0x551	0
0x558	0x4cb	0
0x558	0x553	1
0x559	0x558	0
0x564	0x561	0
0x56c	0x569	0
0x570	0x56d	0
0x573	0x56c	0
0x573	0x570	1
0x575	0x56c	0
0x579	0x56c	1
0x579	0x573	0
0x57a	0x570	1
0x57a	0x579	0
0x57b	0x575	1
0x57b	0x57a	0
0x58f	0x58c	0
0x594	0x58f	0
0x594	0x590	1
0x596	0x58f	0
0x59a	0x58f	1
0x59a	0x594	0
0x59b	0x590	1
0x59b	0x59a	0
0x59c	0x596	1
0x59c	0x59b	0
0x5b0	0x573	0
0x5b0	0x594	1
0x5b1	0x573	1
0x5b1	0x5b0	0
0x5b2	0x5b1	0
0x5be	0x573	0
0x5be	0x594	1
0x5c6	0x5c3	0
0x5c9	0x5be	0
0x5c9	0x5c6	1
0x5cb	0x5be	0
0x5cf	0x5be	1
0x5cf	0x5c9	0
0x5d0	0x5c6	1
0x5d0	0x5cf	0
0x5d1	0x5cb	1
0x5d1	0x5d0	0
0x5e5	0x5e2	0
0x5ea	0x5e5	0
0x5ea	0x5e6	1
0x5eb	0x5ea	0
0x5f7	0x5e5	0
0x5f7	0x5e6	1
0x5ff	0x5fc	0
0x602	0x5f7	0
0x602	0x5ff	1
0x604	0x5f7	0
0x608	0x5f7	1
0x608	0x602	0
0x609	0x5ff	1
0x609	0x608	0
0x60a	0x604	1
0x60a	0x609	0
0x620	0x61d	0
0x623	0x61b	0
0x623	0x620	1
0x625	0x61b	0
0x629	0x61b	1
0x629	0x623	0
0x62a	0x620	1
0x62a	0x629	0
0x62b	0x625	1
0x62b	0x62a	0
0x63f	0x602	0
0x63f	0x623	1
0x640	0x602	1
0x640	0x63f	0
0x641	0x640	0
0x64d	0x602	0
0x64d	0x623	1
0x65e	0x5c9	0
0x65e	0x64d	1
0x66a	0x667	0
0x66e	0x66b	0
0x66f	0x66a	1
0x66f	0x66e	0
0x670	0x66f	0
0x67a	0x677	0
0x67e	0x67b	0
0x681	0x67a	0
0x681	0x67e	1
0x682	0x681	0
0x68e	0x67a	0
0x68e	0x67e	1
0x693	0x675	1
0x693	0x68e	0
0x694	0x693	0
0x695	0x694	0
0x6a9	0x6a6	0
0x6ad	0x6aa	0
0x6b0	0x6a9	0
0x6b0	0x6ad	1
0x6b1	0x6b0	0
0x6bd	0x6a9	0
0x6bd	0x6ad	1
0x6c2	0x6a4	1
0x6c2	0x6bd	0
0x6c3	0x6c2	0
0x6c4	0x6c3	0
0x6d1	0x4ad	0
0x6d4	0x6d1	1
0x6d4	0x6d2	0
0x6d9	0x4b7	0
0x6d9	0x6d4	1
0x6da	0x6d9	0
0x6e5	0x6e2	0
0x6eb	0x6e9	0
0x6ef	0x6ec	0
0x6f6	0x6f4	0
0x71b	0x718	0
0x71c	0x71b	0
0x722	0x71f	0
0x723	0x71d	1
0x723	0x722	0
0x72e	0x72b	0
0x72f	0x728	1
0x72f	0x72e	0
0x730	0x72f	0
0x751	0x74e	0
0x752	0x751	0
0x758	0x755	0
0x759	0x753	1
0x759	0x758	0
0x764	0x761	0
0x765	0x75e	1
0x765	0x764	0
0x766	0x765	0
0x780	0x77c	0
0x786	0x77c	1
0x786	0x784	0
0x787	0x786	0
0x78b	0x779	1
0x78b	0x789	0
0x796	0x792	0
0x79c	0x792	1
0x79c	0x79a	0
0x79d	0x79c	0
0x7a1	0x78f	1
0x7a1	0x79f	0
0x7a8	0x7a5	0
0x7ac	0x7a9	0
0x7b0	0x7ad	0
0x7b4	0x7b1	0
0x7b8	0x7b5	1
0x7b8	0x7b7	0
0x85d	0x85b	0
0x85e	0x856	1
0x85e	0x85d	0
0x85f	0x85e	0
0x865	0x864	0
0x87a	0x877	0
0x87b	0x87a	0
0x881	0x87e	0
0x882	0x87c	1
0x882	0x881	0
0x88d	0x88a	0
0x88e	0x887	1
0x88e	0x88d	0
0x88f	0x88e	0
0x8b0	0x8ad	0
0x8b1	0x8b0	0
0x8b7	0x8b4	0
0x8b8	0x8b2	1
0x8b8	0x8b7	0
0x8c3	0x8c0	0
0x8c4	0x8bd	1
0x8c4	0x8c3	0
0x8c5	0x8c4	0
0x8e6	0x8e3	0
0x8e7	0x8e6	0
0x8ed	0x8ea	0
0x8ee	0x8e8	1
0x8ee	0x8ed	0
0x8f9	0x8f6	0
0x8fa	0x8f3	1
0x8fa	0x8f9	0
0x8fb	0x8fa	0
0x908	0x905	1
0x908	0x907	0
0xa89	0xa87	0
0xa8a	0xa82	1
0xa8a	0xa89	0
0xa8b	0xa8a	0
0xa91	0xa90	0
0xa9d	0xa9b	0
0xaa1	0xa9d	0
0xaa1	0xa9e	1
0xab9	0xab5	1
0xab9	0xab7	0
0xaba	0xab9	0
0xac7	0xac3	1
0xac7	0xac5	0
0xac8	0xabd	1
0xac8	0xac7	0
0xac9	0xac8	0
0xacd	0xaac	1
0xacd	0xacb	0
0xad7	0xad4	0
0xadb	0xad8	0
0xadf	0xadc	0
0xae3	0xae0	0
0xae7	0xae4	1
0xae7	0xae6	0
0xe07	0xe05	0
0xe08	0xe00	1
0xe08	0xe07	0
0xe09	0xe08	0
0xe12	0xe0e	0
0xe13	0xe12	0
0xe25	0xe24	0
0xe31	0xe2f	0
0xe32	0xe31	0
0xe48	0xe3c	1
0xe48	0xe46	0
0xe4d	0xe4b	0
0xe52	0xe4d	0
0xe52	0xe4e	1
0xe54	0xe4d	0
0xe58	0xe4d	1
0xe58	0xe52	0
0xe59	0xe4e	1
0xe59	0xe58	0
0xe5a	0xe54	1
0xe5a	0xe59	0
0xe79	0xe52	0
0xe79	0xe6b	1
0xe84	0xe82	0
0xe8b	0xe89	0
0xe8c	0xe8b	0
0xe98	0xe96	0
0xe9a	0xe98	1
0xe9a	0xe99	0
0xeb9	0xeb7	0
0xebb	0xea4	5
0xebb	0xea6	4
0xebb	0xea9	3
0xebb	0xeb4	2
0xebb	0xeb9	1
0xebb	0xeba	0
0xecb	0xec8	0
0xede	0xedb	0
0xedf	0xede	0
0xee5	0xee2	0
0xee6	0xee0	1
0xee6	0xee5	0
0xef1	0xeee	0
0xef2	0xeeb	1
0xef2	0xef1	0
0xef3	0xef2	0
0xf00	0xefd	1
0xf00	0xeff	0
0x1747	0x1745	0
0x176a	0x1767	0
0x176b	0x1765	1
0x176b	0x176a	0
0x176c	0x176b	0
0x1770	0x176d	0
0x1774	0x1771	0
0x1775	0x1770	1
0x1775	0x1774	0
0x1776	0x1775	0
0x1777	0x176c	1
0x1777	0x1776	0
0x177d	0x177a	0
0x177e	0x1778	1
0x177e	0x177d	0
0x177f	0x177e	0
0x1780	0x1777	1
0x1780	0x177f	0
0x1786	0x1783	0
0x1787	0x1781	1
0x1787	0x1786	0
0x1788	0x1780	1
0x1788	0x1787	0
0x178e	0x178b	0
0x178f	0x1789	1
0x178f	0x178e	0
0x1790	0x1788	1
0x1790	0x178f	0
0x179d	0x179a	0
0x17a1	0x179e	0
0x17a5	0x17a2	0
0x17a9	0x17a6	0
0x17ad	0x17aa	0
0x17b1	0x17ae	0
0x17b5	0x17b2	0
0x17c6	0x17c2	0
0x17cc	0x17c2	1
0x17cc	0x17ca	0
0x17cd	0x17cc	0
0x17d1	0x17bf	1
0x17d1	0x17cf	0
0x17d8	0x17d5	0
0x17dc	0x17d9	0
0x17e0	0x17dd	1
0x17e0	0x17df	0
0x1b1c	0x1b1a	0
0x1b1d	0x1b15	1
0x1b1d	0x1b1c	0
0x1b1e	0x1b1d	0
0x1b24	0x1b23	0
0x1b30	0x1b2e	0
0x1b33	0x1b31	0
0x1b37	0x1b35	0
0x1b39	0x1b33	0
0x1b39	0x1b37	1
0x1b3a	0x1b39	0
0x1b47	0x1b30	1
0x1b47	0x1b33	0
0x1b48	0x1b47	0
0x1b55	0x1b53	0
0x1b58	0x1b56	0
0x1b5c	0x1b5a	0
0x1b5e	0x1b58	0
0x1b5e	0x1b5c	1
0x1b5f	0x1b5e	0
0x1b6c	0x1b55	1
0x1b6c	0x1b58	0
0x1b6d	0x1b6c	0
0x1b7e	0x1b7b	0
0x1b82	0x1b7f	0
0x1b86	0x1b83	1
0x1b86	0x1b85	0
0x1e56	0x1e54	0
0x1e57	0x1e4f	1
0x1e57	0x1e56	0
0x1e58	0x1e57	0
0x1e5e	0x1e5d	0
0x1e6a	0x1e68	0
0x1e6d	0x1e6b	0
0x1e71	0x1e6f	0
0x1e73	0x1e6d	0
0x1e73	0x1e71	1
0x1e74	0x1e73	0
0x1e81	0x1e6a	1
0x1e81	0x1e6d	0
0x1e82	0x1e81	0
0x1e8f	0x1e8d	0
0x1e92	0x1e90	0
0x1e96	0x1e94	0
0x1e98	0x1e92	0
0x1e98	0x1e96	1
0x1e99	0x1e98	0
0x1ea6	0x1e8f	1
0x1ea6	0x1e92	0
0x1ea7	0x1ea6	0
0x1eb8	0x1eb5	0
0x1ebc	0x1eb9	0
0x1ec0	0x1ebd	1
0x1ec0	0x1ebf	0
0x2188	0x2186	0
0x2189	0x2181	1
0x2189	0x2188	0
0x218a	0x2189	0
0x2190	0x218f	0
0x219c	0x219a	0
0x219f	0x219d	0
0x21a3	0x21a1	0
0x21a5	0x219f	0
0x21a5	0x21a3	1
0x21a6	0x21a5	0
0x21b3	0x219c	1
0x21b3	0x219f	0
0x21b4	0x21b3	0
0x21c1	0x21bf	0
0x21c4	0x21c2	0
0x21c8	0x21c6	0
0x21ca	0x21c4	0
0x21ca	0x21c8	1
0x21cb	0x21ca	0
0x21d8	0x21c1	1
0x21d8	0x21c4	0
0x21d9	0x21d8	0
0x21ea	0x21e7	0
0x21ee	0x21eb	0
0x21f2	0x21ef	1
0x21f2	0x21f1	0
0x25ab	0x25a9	0
0x25ac	0x25a4	1
0x25ac	0x25ab	0
0x25ad	0x25ac	0
0x25b3	0x25b2	0
0x25bf	0x25bd	0
0x25c2	0x25c0	0
0x25c6	0x25c4	0
0x25c8	0x25c2	0
0x25c8	0x25c6	1
0x25c9	0x25c8	0
0x25d6	0x25bf	1
0x25d6	0x25c2	0
0x25d7	0x25d6	0
0x25e4	0x25e2	0
0x25e7	0x25e5	0
0x25eb	0x25e9	0
0x25ed	0x25e7	0
0x25ed	0x25eb	1
0x25ee	0x25ed	0
0x25fb	0x25e4	1
0x25fb	0x25e7	0
0x25fc	0x25fb	0
0x260d	0x260a	0
0x2611	0x260e	0
0x2615	0x2612	1
0x2615	0x2614	0
0x28a9	0x28a7	0
0x28c9	0x28c7	0
0x28ca	0x28c9	0
0x28da	0x28d7	0
0x28de	0x28db	0
0x28e2	0x28df	0
0x28e6	0x28e3	0
0x28ea	0x28e7	0
0x28ee	0x28eb	0
0x28f2	0x28ef	0
0x28f6	0x28f3	0
0x2907	0x2903	0
0x290d	0x2903	1
0x290d	0x290b	0
0x290e	0x290d	0
0x2912	0x2900	1
0x2912	0x2910	0
0x2919	0x2916	0
0x291d	0x291a	0
0x2921	0x291e	1
0x2921	0x2920	0
0x2ce2	0x2ce0	0
0x2ce3	0x2cdb	1
0x2ce3	0x2ce2	0
0x2ce4	0x2ce3	0
0x2ced	0x2ce9	0
0x2cee	0x2ced	0
0x2d00	0x2cff	0
0x2d0c	0x2d0a	0
0x2d0f	0x2d0d	0
0x2d13	0x2d11	0
0x2d15	0x2d0f	0
0x2d15	0x2d13	1
0x2d16	0x2d15	0
0x2d23	0x2d0c	1
0x2d23	0x2d0f	0
0x2d24	0x2d23	0
0x2d31	0x2d2f	0
0x2d34	0x2d32	0
0x2d38	0x2d36	0
0x2d3a	0x2d34	0
0x2d3a	0x2d38	1
0x2d3b	0x2d3a	0
0x2d48	0x2d31	1
0x2d48	0x2d34	0
0x2d49	0x2d48	0
0x2d5a	0x2d57	0
0x2d5e	0x2d5b	0
0x2d62	0x2d5f	1
0x2d62	0x2d61	0
0x3034	0x3032	0
0x3035	0x302d	1
0x3035	0x3034	0
0x3036	0x3035	0
0x303f	0x303b	0
0x3040	0x303f	0
0x3052	0x3051	0
0x305e	0x305c	0
0x3061	0x305f	0
0x3065	0x3063	0
0x3067	0x3061	0
0x3067	0x3065	1
0x3068	0x3067	0
0x3075	0x305e	1
0x3075	0x3061	0
0x3076	0x3075	0
0x3083	0x3081	0
0x3086	0x3084	0
0x308a	0x3088	0
0x308c	0x3086	0
0x308c	0x308a	1
0x308d	0x308c	0
0x309a	0x3083	1
0x309a	0x3086	0
0x309b	0x309a	0
0x30ac	0x30a9	0
0x30b0	0x30ad	0
0x30b4	0x30b1	1
0x30b4	0x30b3	0
0x392d	0x392b	0
0x392e	0x3926	1
0x392e	0x392d	0
0x392f	0x392e	0
0x3938	0x3934	0
0x3939	0x3938	0
0x394b	0x394a	0
0x3957	0x3955	0
0x3958	0x3957	0
0x3964	0x3962	0
0x3966	0x3964	1
0x3966	0x3965	0
0x3985	0x3983	0
0x3987	0x3970	5
0x3987	0x3972	4
0x3987	0x3975	3
0x3987	0x3980	2
0x3987	0x3985	1
0x3987	0x3986	0
0x3997	0x3994	0
0x39a8	0x399c	1
0x39a8	0x39a6	0
0x39b7	0x39ab	1
0x39b7	0x39b5	0
0x39c4	0x39bd	1
0x39c4	0x39bf	0
0x39c9	0x39c6	0
0x39cd	0x39c9	0
0x39cd	0x39ca	1
0x39e0	0x39dc	1
0x39e0	0x39de	0
0x39e1	0x39c9	1
0x39e1	0x39e0	0
0x39e2	0x39e1	0
0x39e5	0x39e3	0
0x39e8	0x39e2	0
0x39e8	0x39e5	1
0x39ea	0x39e2	0
0x39ee	0x39e2	1
0x39ee	0x39e8	0
0x39ef	0x39e5	1
0x39ef	0x39ee	0
0x39f0	0x39ea	1
0x39f0	0x39ef	0
0x3a04	0x3a01	0
0x3a11	0x39e8	0
0x3a11	0x3a04	1
0x3a82	0x3a7f	0
0x3a86	0x3a82	0
0x3a86	0x3a83	1
0x3a92	0x3a82	1
0x3a92	0x3a90	0
0x3a93	0x3a7d	1
0x3a93	0x3a92	0
0x3a94	0x3a93	0
0x3a98	0x3a95	0
0x3a99	0x3a94	1
0x3a99	0x3a98	0
0x3a9a	0x3a99	0
0x3aa9	0x3aa6	0
0x3aad	0x3aa9	0
0x3aad	0x3aaa	1
0x3ac0	0x3abc	1
0x3ac0	0x3abe	0
0x3ac1	0x3aa9	1
0x3ac1	0x3ac0	0
0x3ac3	0x3ac1	0
0x3ac7	0x3ac4	0
0x3aca	0x3ac3	0
0x3aca	0x3ac7	1
0x3acb	0x3aca	0
0x3ad7	0x3ac3	0
0x3ad7	0x3ac7	1
0x3ae2	0x3adf	0
0x3ae9	0x3ae6	0
0x3aed	0x3ae9	0
0x3aed	0x3aea	1
0x3af9	0x3ae9	1
0x3af9	0x3af7	0
0x3afa	0x3ae3	1
0x3afa	0x3af9	0
0x3aff	0x3afc	0
0x3b03	0x3aff	0
0x3b03	0x3b00	1
0x3b16	0x3b12	1
0x3b16	0x3b14	0
0x3b17	0x3aff	1
0x3b17	0x3b16	0
0x3b18	0x3b17	0
0x3b19	0x3b18	0
0x3b26	0x3b23	0
0x3b2a	0x3b26	0
0x3b2a	0x3b27	1
0x3b3d	0x3b39	1
0x3b3d	0x3b3b	0
0x3b3e	0x3b26	1
0x3b3e	0x3b3d	0
0x3b3f	0x3b3e	0
0x3b41	0x3b3f	1
0x3b41	0x3b40	0
0x3b63	0x3b60	0
0x3b70	0x3b6d	0
0x3b74	0x3b70	0
0x3b74	0x3b71	1
0x3b87	0x3b83	1
0x3b87	0x3b85	0
0x3b88	0x3b70	1
0x3b88	0x3b87	0
0x3b89	0x3b88	0
0x3b8b	0x3b4b	6
0x3b8b	0x3b4d	5
0x3b8b	0x3b50	4
0x3b8b	0x3b68	3
0x3b8b	0x3b6b	2
0x3b8b	0x3b89	1
0x3b8b	0x3b8a	0
0x3b9b	0x3b98	0
0x3ba7	0x39ba	0
0x3baa	0x3ba7	1
0x3baa	0x3ba8	0
0x3baf	0x39c4	0
0x3baf	0x3baa	1
0x3bb0	0x3baf	0
0x3bba	0x3bb8	0
0x3bbb	0x3bba	0
0x3bc7	0x3bc5	0
0x3bc9	0x3bc7	1
0x3bc9	0x3bc8	0
0x3be9	0x3be7	0
0x3bf5	0x3bf3	0
0x3bf7	0x3bd3	6
0x3bf7	0x3bd5	5
0x3bf7	0x3bd7	4
0x3bf7	0x3bee	3
0x3bf7	0x3bf1	2
0x3bf7	0x3bf5	1
0x3bf7	0x3bf6	0
0x3c04	0x3c01	0
0x3c0c	0x3c09	0
0x3c14	0x3c11	0
0x3c1c	0x3c19	0
0x3c24	0x3c21	0
0x3c27	0x3c25	0
0x3c2a	0x3c24	0
0x3c2a	0x3c27	1
0x3c2b	0x3c2a	0
0x3c37	0x3c24	0
0x3c37	0x3c27	1
0x3c78	0x3c76	0
0x3c79	0x3c71	1
0x3c79	0x3c78	0
0x3c7a	0x3c79	0
0x3c83	0x3c7f	0
0x3c84	0x3c83	0
0x3c96	0x3c95	0
0x3ca2	0x3ca0	0
0x3ca3	0x3ca2	0
0x3caf	0x3cad	0
0x3cb0	0x3caf	0
0x3cbc	0x3cba	0
0x3cbe	0x3cbc	1
0x3cbe	0x3cbd	0
0x3cdd	0x3cdb	0
0x3cdf	0x3cc8	5
0x3cdf	0x3cca	4
0x3cdf	0x3ccd	3
0x3cdf	0x3cd8	2
0x3cdf	0x3cdd	1
0x3cdf	0x3cde	0
0x3cef	0x3cec	0
0x3cf9	0x3cf6	0
0x3cfa	0x3cf4	1
0x3cfa	0x3cf9	0
0x3d06	0x3d04	0
0x3d0b	0x3d06	0
0x3d0b	0x3d07	1
0x3d0d	0x3d06	0
0x3d11	0x3d06	1
0x3d11	0x3d0b	0
0x3d12	0x3d07	1
0x3d12	0x3d11	0
0x3d13	0x3d0d	1
0x3d13	0x3d12	0
0x3d32	0x3d0b	0
0x3d32	0x3d24	1
0x3d3d	0x3d3b	0
0x3d48	0x3d45	0
0x3d4c	0x3d49	0
0x3d50	0x3d4d	0
0x3d54	0x3d51	0
0x3d58	0x3d55	0
0x3d5c	0x3d59	0
0x3d60	0x3d5d	0
0x3d64	0x3d61	0
0x3d68	0x3d65	0
0x3d6c	0x3d69	1
0x3d6c	0x3d6b	0
0x4509	0x4507	0
0x450a	0x4502	1
0x450a	0x4509	0
0x450b	0x450a	0
0x4511	0x4510	0
0x451d	0x451b	0
0x451f	0x451d	1
0x451f	0x451e	0
0x452b	0x4529	0
0x452c	0x452b	0
0x453e	0x453c	0
0x453f	0x4536	1
0x453f	0x453e	0
0x4540	0x453f	0
0x4552	0x454a	0
0x4552	0x454b	1
0x4553	0x454a	1
0x4553	0x4552	0
0x4554	0x4553	0
0x4560	0x454a	0
0x4560	0x454b	1
0x456c	0x4569	0
0x4572	0x4570	0
0x4578	0x4576	0
0x457e	0x457c	0
0x4584	0x4582	0
0x458b	0x4589	0
0x4592	0x4590	0
0x459a	0x4597	0
0x45cb	0x45c9	0
0x45cc	0x45c4	1
0x45cc	0x45cb	0
0x45cd	0x45cc	0
0x45d3	0x45d2	0
0x45df	0x45dd	0
0x45e1	0x45df	1
0x45e1	0x45e0	0
0x45ef	0x45ed	0
0x45f0	0x45eb	1
0x45f0	0x45ef	0
0x45f4	0x45f2	0
0x45f5	0x45f1	1
0x45f5	0x45f4	0
0x45f6	0x45f5	0
0x45f7	0x45f0	1
0x45f7	0x45f6	0
0x4608	0x4606	0
0x460f	0x460d	0
0x4616	0x4614	0
0x461e	0x461b	0
0x4625	0x4622	0
0x462c	0x4629	0
0x4633	0x4630	0
0x463b	0x4638	0
0x4643	0x4640	0
0x4678	0x4676	0
0x4679	0x4671	1
0x4679	0x4678	0
0x467a	0x4679	0
0x4680	0x467f	0
0x468c	0x468a	0
0x468e	0x468c	1
0x468e	0x468d	0
0x46a6	0x46a4	0
0x46a7	0x469f	1
0x46a7	0x46a6	0
0x46a8	0x46a7	0
0x46ae	0x46ad	0
0x46ba	0x46b8	0
0x46bd	0x46bb	0
0x46bf	0x46ba	0
0x46bf	0x46bd	1
0x46cc	0x46ca	0
0x46ce	0x46cc	1
0x46ce	0x46cd	0
0x46da	0x46d8	0
0x46db	0x46da	0
0x46ed	0x46e5	0
0x46ed	0x46e6	1
0x46ee	0x46e5	1
0x46ee	0x46ed	0
0x46ef	0x46ee	0
0x46fb	0x46e5	0
0x46fb	0x46e6	1
0x4707	0x4704	0
0x470d	0x470b	0
0x4713	0x4711	0
0x4717	0x4714	0
0x4747	0x4745	0
0x4748	0x4740	1
0x4748	0x4747	0
0x4749	0x4748	0
0x474f	0x474e	0
0x475b	0x4759	0
0x475d	0x475b	1
0x475d	0x475c	0
0x476b	0x4769	0
0x476c	0x4767	1
0x476c	0x476b	0
0x476f	0x476d	0
0x4771	0x476f	1
0x4771	0x4770	0
0x4772	0x4771	0
0x4773	0x476c	1
0x4773	0x4772	0
0x4784	0x4782	0
0x478c	0x4789	0
0x4793	0x4790	0
0x47c3	0x47c1	0
0x47c4	0x47bc	1
0x47c4	0x47c3	0
0x47c5	0x47c4	0
0x47cb	0x47ca	0
0x47d7	0x47d5	0
0x47d9	0x47d7	1
0x47d9	0x47d8	0
0x47f1	0x47ef	0
0x47f2	0x47ea	1
0x47f2	0x47f1	0
0x47f3	0x47f2	0
0x47f9	0x47f8	0
0x4805	0x4803	0
0x4807	0x4805	1
0x4807	0x4806	0
0x481d	0x4811	1
0x481d	0x481b	0
0x482a	0x4823	1
0x482a	0x4825	0
0x482f	0x482c	0
0x4833	0x482f	0
0x4833	0x4830	1
0x4846	0x4842	1
0x4846	0x4844	0
0x4847	0x482f	1
0x4847	0x4846	0
0x4848	0x4847	0
0x4850	0x484d	0
0x4851	0x4850	0
0x485e	0x485b	0
0x4860	0x485e	1
0x4860	0x485f	0
0x4885	0x4882	0
0x4887	0x486a	5
0x4887	0x486c	4
0x4887	0x486f	3
0x4887	0x487f	2
0x4887	0x4885	1
0x4887	0x4886	0
0x4897	0x4894	0
0x489b	0x4898	0
0x489f	0x489b	0
0x489f	0x489c	1
0x48b2	0x48ae	1
0x48b2	0x48b0	0
0x48b3	0x489b	1
0x48b3	0x48b2	0
0x48b4	0x48b3	0
0x48b7	0x4897	0
0x48b7	0x48b4	1
0x48b8	0x48b7	0
0x48c4	0x4897	0
0x48c4	0x48b4	1
0x48d2	0x48cf	0
0x48d3	0x48cd	1
0x48d3	0x48d2	0
0x48d4	0x48d3	0
0x48dc	0x48d9	0
0x48dd	0x48dc	0
0x48ea	0x48e7	0
0x48ec	0x48ea	1
0x48ec	0x48eb	0
0x490e	0x490b	0
0x491b	0x4918	0
0x491d	0x48f6	6
0x491d	0x48f8	5
0x491d	0x48fb	4
0x491d	0x4913	3
0x491d	0x4916	2
0x491d	0x491b	1
0x491d	0x491c	0
0x492d	0x492a	0
0x493a	0x4820	0
0x493d	0x493a	1
0x493d	0x493b	0
0x4942	0x482a	0
0x4942	0x493d	1
0x4943	0x4942	0
0x4954	0x4952	0
0x4955	0x494d	1
0x4955	0x4954	0
0x4956	0x4955	0
0x495c	0x495b	0
0x4968	0x4966	0
0x496a	0x4968	1
0x496a	0x4969	0
0x4977	0x4975	0
0x4978	0x4974	1
0x4978	0x4977	0
0x4990	0x498e	0
0x4991	0x4989	1
0x4991	0x4990	0
0x4992	0x4991	0
0x4998	0x4997	0
0x49a4	0x49a2	0
0x49a6	0x49a4	1
0x49a6	0x49a5	0
0x49be	0x49bc	0
0x49bf	0x49b7	1
0x49bf	0x49be	0
0x49c0	0x49bf	0
0x49c6	0x49c5	0
0x49d2	0x49d0	0
0x49d5	0x49d3	0
0x49d9	0x49d7	0
0x49db	0x49d5	0
0x49db	0x49d9	1
0x49dc	0x49db	0
0x49e9	0x49d2	1
0x49e9	0x49d5	0
0x49ea	0x49e9	0
0x49f7	0x49f5	0
0x49fb	0x49f7	0
0x49fb	0x49f8	1
0x4a0e	0x4a0a	1
0x4a0e	0x4a0c	0
0x4a0f	0x49f7	1
0x4a0f	0x4a0e	0
0x4a10	0x4a0f	0
0x4a23	0x4a21	0
0x4a24	0x4a1c	1
0x4a24	0x4a23	0
0x4a25	0x4a24	0
0x4a2b	0x4a2a	0
0x4a37	0x4a35	0
0x4a3a	0x4a38	0
0x4a3e	0x4a3c	0
0x4a40	0x4a3a	0
0x4a40	0x4a3e	1
0x4a41	0x4a40	0
0x4a4e	0x4a37	1
0x4a4e	0x4a3a	0
0x4a4f	0x4a4e	0
0x4a5c	0x4a5a	0
0x4a60	0x4a5c	0
0x4a60	0x4a5d	1
0x4a73	0x4a6f	1
0x4a73	0x4a71	0
0x4a74	0x4a5c	1
0x4a74	0x4a73	0
0x4a75	0x4a74	0
0x4a88	0x4a86	0
0x4a89	0x4a81	1
0x4a89	0x4a88	0
0x4a8a	0x4a89	0
0x4a90	0x4a8f	0
0x4a9c	0x4a9a	0
0x4a9f	0x4a9d	0
0x4aa3	0x4aa1	0
0x4aa5	0x4a9f	0
0x4aa5	0x4aa3	1
0x4aa6	0x4aa5	0
0x4ab3	0x4a9c	1
0x4ab3	0x4a9f	0
0x4ab4	0x4ab3	0
0x4ac1	0x4abf	0
0x4ac5	0x4ac1	0
0x4ac5	0x4ac2	1
0x4ad8	0x4ad4	1
0x4ad8	0x4ad6	0
0x4ad9	0x4ac1	1
0x4ad9	0x4ad8	0
0x4ada	0x4ad9	0
0x4aed	0x4aeb	0
0x4aee	0x4ae6	1
0x4aee	0x4aed	0
0x4aef	0x4aee	0
0x4af5	0x4af4	0
0x4b01	0x4aff	0
0x4b14	0x4b12	0
0x4b15	0x4b0d	1
0x4b15	0x4b14	0
0x4b16	0x4b15	0
0x4b1c	0x4b1b	0
0x4b28	0x4b26	0
0x4b3b	0x4b39	0
0x4b3c	0x4b34	1
0x4b3c	0x4b3b	0
0x4b3d	0x4b3c	0
0x4b43	0x4b42	0
0x4b4f	0x4b4d	0
0x4b62	0x4b60	0
0x4b63	0x4b5b	1
0x4b63	0x4b62	0
0x4b64	0x4b63	0
0x4b6a	0x4b69	0
0x4b76	0x4b74	0
0x4b89	0x4b87	0
0x4b8a	0x4b82	1
0x4b8a	0x4b89	0
0x4b8b	0x4b8a	0
0x4b91	0x4b90	0
0x4b9d	0x4b9b	0
0x4bb0	0x4bae	0
0x4bb1	0x4ba9	1
0x4bb1	0x4bb0	0
0x4bb2	0x4bb1	0
0x4bb8	0x4bb7	0
0x4bc4	0x4bc2	0
0x4bd7	0x4bd5	0
0x4bd8	0x4bd0	1
0x4bd8	0x4bd7	0
0x4bd9	0x4bd8	0
0x4bdf	0x4bde	0
0x4beb	0x4be9	0
0x4bfe	0x4bfc	0
0x4bff	0x4bf7	1
0x4bff	0x4bfe	0
0x4c00	0x4bff	0
0x4c06	0x4c05	0
0x4c12	0x4c10	0
0x4c25	0x4c23	0
0x4c26	0x4c1e	1
0x4c26	0x4c25	0
0x4c27	0x4c26	0
0x4c2d	0x4c2c	0
0x4c39	0x4c37	0
0x4c4c	0x4c4a	0
0x4c4d	0x4c45	1
0x4c4d	0x4c4c	0
0x4c4e	0x4c4d	0
0x4c54	0x4c53	0
0x4c60	0x4c5e	0
0xa9_0x0	0x908	-1
0xa9_0x0	0xae7	-1
0xa9_0x0	0xf00	-1
0xa9_0x0	0x1b86	-1
0xa9_0x0	0x1ec0	-1
0xa9_0x0	0x21f2	-1
0xa9_0x0	0x2615	-1
0xa9_0x0	0x2d62	-1
0xa9_0x0	0x30b4	-1
0xa9_0x0	0x3d6c	-1
0xc	0x9	0
0x1bc	0x1b9	0
0x1d8	0x1d5	0
0x1de	0x1dd	0
0x2c5	0x2c2	0
0x2e1	0x2de	0
0x2e7	0x2e6	0
0x3d2	0x3cf	0
0x3ee	0x3eb	0
0x3f4	0x3f3	0
0x478	0x477	0
0x69d	0x69a	0
0x6a2	0x69f	0
0x6cc	0x6c9	0
0x6f0	0x6ef	0
0x738	0x735	0
0x76e	0x76b	0
0x7bc	0x7b9	0
0x897	0x894	0
0x8cd	0x8ca	0
0x903	0x900	0
0x90c	0x909	0
0xaeb	0xae8	0
0xefb	0xef8	0
0xf04	0xf01	0
0x17e4	0x17e1	0
0x1b8a	0x1b87	0
0x1ec4	0x1ec1	0
0x21f6	0x21f3	0
0x2619	0x2616	0
0x2925	0x2922	0
0x2d66	0x2d63	0
0x30b8	0x30b5	0
0x3d70	0x3d6d	0
0x9922	0x9902	0
0xa322	0xa302	0
0xad22	0xad02	0
0xb722	0xb702	0
0xc122	0xc102	0
0xcb22	0xcb02	0
0xd522	0xd502	0
0xdf22	0xdf02	0
0xe922	0xe902	0
0xf322	0xf302	0
0xfd22	0xfd02	0
0x10722	0x10702	0
0x11122	0x11102	0
0x11b22	0x11b02	0
0x12522	0x12502	0
0x12f22	0x12f02	0
0x13922	0x13902	0
0x14322	0x14302	0
0x16122	0x16102	0
0x16b22	0x16b02	0
0x17522	0x17502	0
0x1d922	0x1d902	0
0x36922	0x36902	0
0x37322	0x37302	0
0x3ff22	0x3ff02	0
0x40922	0x40902	0
0x41322	0x41302	0
0x41d22	0x41d02	0
0xa8	0xa4	1
0xa8	0xa5	0
0xd7	0xd3	1
0xd7	0xd4	0
0xee	0xea	1
0xee	0xeb	0
0x104	0x100	1
0x104	0x101	0
0x115	0x111	1
0x115	0x112	0
0x12c	0x128	1
0x12c	0x129	0
0x150	0x14c	1
0x150	0x14d	0
0x167	0x163	1
0x167	0x164	0
0x182	0x17e	1
0x182	0x17f	0
0x1a1	0x19d	1
0x1a1	0x19e	0
0x1b8	0x1b4	1
0x1b8	0x1b5	0
0x1e7	0x1e3	1
0x1e7	0x1e4	0
0x225	0x221	1
0x225	0x222	0
0x23b	0x237	1
0x23b	0x238	0
0x25b	0x257	1
0x25b	0x258	0
0x276	0x268	1
0x276	0x273	0
0x290	0x28c	1
0x290	0x28d	0
0x2aa	0x2a6	1
0x2aa	0x2a7	0
0x2c1	0x2bd	1
0x2c1	0x2be	0
0x2f0	0x2ec	1
0x2f0	0x2ed	0
0x336	0x332	1
0x336	0x333	0
0x34f	0x34b	1
0x34f	0x34c	0
0x368	0x364	1
0x368	0x365	0
0x383	0x375	1
0x383	0x380	0
0x39d	0x399	1
0x39d	0x39a	0
0x3b7	0x3b3	1
0x3b7	0x3b4	0
0x3ce	0x3ca	1
0x3ce	0x3cb	0
0x3fd	0x3f9	1
0x3fd	0x3fa	0
0x43f	0x43b	1
0x43f	0x43c	0
0x45e	0x45a	1
0x45e	0x45b	0
0x46b	0x467	1
0x46b	0x468	0
0x49c	0x498	1
0x49c	0x499	0
0x4f3	0x4ef	1
0x4f3	0x4f0	0
0x514	0x510	1
0x514	0x511	0
0x52c	0x528	1
0x52c	0x529	0
0x53e	0x534	1
0x53e	0x53b	0
0x55d	0x559	1
0x55d	0x55a	0
0x57f	0x57b	1
0x57f	0x57c	0
0x5a0	0x59c	1
0x5a0	0x59d	0
0x5b6	0x5b2	1
0x5b6	0x5b3	0
0x5d5	0x5d1	1
0x5d5	0x5d2	0
0x5ef	0x5eb	1
0x5ef	0x5ec	0
0x60e	0x60a	1
0x60e	0x60b	0
0x62f	0x62b	1
0x62f	0x62c	0
0x645	0x641	1
0x645	0x642	0
0x657	0x64d	1
0x657	0x654	0
0x674	0x670	1
0x674	0x671	0
0x686	0x682	1
0x686	0x683	0
0x699	0x695	1
0x699	0x696	0
0x6b5	0x6b1	1
0x6b5	0x6b2	0
0x6c8	0x6c4	1
0x6c8	0x6c5	0
0x6de	0x6da	1
0x6de	0x6db	0
0x6fa	0x6f6	1
0x6fa	0x6f7	0
0x734	0x730	1
0x734	0x731	0
0x76a	0x766	1
0x76a	0x767	0
0x863	0x85f	1
0x863	0x860	0
0x869	0x865	1
0x869	0x866	0
0x893	0x88f	1
0x893	0x890	0
0x8c9	0x8c5	1
0x8c9	0x8c6	0
0x8ff	0x8fb	1
0x8ff	0x8fc	0
0xa8f	0xa8b	1
0xa8f	0xa8c	0
0xa95	0xa91	1
0xa95	0xa92	0
0xaa5	0xaa1	1
0xaa5	0xaa2	0
0xe0d	0xe09	1
0xe0d	0xe0a	0
0xe17	0xe13	1
0xe17	0xe14	0
0xe29	0xe25	1
0xe29	0xe26	0
0xe36	0xe32	1
0xe36	0xe33	0
0xe5e	0xe5a	1
0xe5e	0xe5b	0
0xe72	0xe6b	1
0xe72	0xe6f	0
0xe90	0xe8c	1
0xe90	0xe8d	0
0xe9e	0xe9a	1
0xe9e	0xe9b	0
0xebf	0xebb	1
0xebf	0xebc	0
0xef7	0xef3	1
0xef7	0xef4	0
0x174b	0x1747	1
0x174b	0x1748	0
0x1794	0x1790	1
0x1794	0x1791	0
0x1b22	0x1b1e	1
0x1b22	0x1b1f	0
0x1b28	0x1b24	1
0x1b28	0x1b25	0
0x1b3e	0x1b3a	1
0x1b3e	0x1b3b	0
0x1b4c	0x1b48	1
0x1b4c	0x1b49	0
0x1b63	0x1b5f	1
0x1b63	0x1b60	0
0x1b71	0x1b6d	1
0x1b71	0x1b6e	0
0x1e5c	0x1e58	1
0x1e5c	0x1e59	0
0x1e62	0x1e5e	1
0x1e62	0x1e5f	0
0x1e78	0x1e74	1
0x1e78	0x1e75	0
0x1e86	0x1e82	1
0x1e86	0x1e83	0
0x1e9d	0x1e99	1
0x1e9d	0x1e9a	0
0x1eab	0x1ea7	1
0x1eab	0x1ea8	0
0x218e	0x218a	1
0x218e	0x218b	0
0x2194	0x2190	1
0x2194	0x2191	0
0x21aa	0x21a6	1
0x21aa	0x21a7	0
0x21b8	0x21b4	1
0x21b8	0x21b5	0
0x21cf	0x21cb	1
0x21cf	0x21cc	0
0x21dd	0x21d9	1
0x21dd	0x21da	0
0x25b1	0x25ad	1
0x25b1	0x25ae	0
0x25b7	0x25b3	1
0x25b7	0x25b4	0
0x25cd	0x25c9	1
0x25cd	0x25ca	0
0x25db	0x25d7	1
0x25db	0x25d8	0
0x25f2	0x25ee	1
0x25f2	0x25ef	0
0x2600	0x25fc	1
0x2600	0x25fd	0
0x28ad	0x28a9	1
0x28ad	0x28aa	0
0x28ce	0x28ca	1
0x28ce	0x28cb	0
0x2ce8	0x2ce4	1
0x2ce8	0x2ce5	0
0x2cf2	0x2cee	1
0x2cf2	0x2cef	0
0x2d04	0x2d00	1
0x2d04	0x2d01	0
0x2d1a	0x2d16	1
0x2d1a	0x2d17	0
0x2d28	0x2d24	1
0x2d28	0x2d25	0
0x2d3f	0x2d3b	1
0x2d3f	0x2d3c	0
0x2d4d	0x2d49	1
0x2d4d	0x2d4a	0
0x303a	0x3036	1
0x303a	0x3037	0
0x3044	0x3040	1
0x3044	0x3041	0
0x3056	0x3052	1
0x3056	0x3053	0
0x306c	0x3068	1
0x306c	0x3069	0
0x307a	0x3076	1
0x307a	0x3077	0
0x3091	0x308d	1
0x3091	0x308e	0
0x309f	0x309b	1
0x309f	0x309c	0
0x3933	0x392f	1
0x3933	0x3930	0
0x393d	0x3939	1
0x393d	0x393a	0
0x394f	0x394b	1
0x394f	0x394c	0
0x395c	0x3958	1
0x395c	0x3959	0
0x396a	0x3966	1
0x396a	0x3967	0
0x398b	0x3987	1
0x398b	0x3988	0
0x39d1	0x39cd	1
0x39d1	0x39ce	0
0x39f4	0x39f0	1
0x39f4	0x39f1	0
0x3a0a	0x3a04	1
0x3a0a	0x3a07	0
0x3a8a	0x3a86	1
0x3a8a	0x3a87	0
0x3a9e	0x3a9a	1
0x3a9e	0x3a9b	0
0x3ab1	0x3aad	1
0x3ab1	0x3aae	0
0x3acf	0x3acb	1
0x3acf	0x3acc	0
0x3af1	0x3aed	1
0x3af1	0x3aee	0
0x3b07	0x3b03	1
0x3b07	0x3b04	0
0x3b1d	0x3b19	1
0x3b1d	0x3b1a	0
0x3b2e	0x3b2a	1
0x3b2e	0x3b2b	0
0x3b45	0x3b41	1
0x3b45	0x3b42	0
0x3b78	0x3b74	1
0x3b78	0x3b75	0
0x3b8f	0x3b8b	1
0x3b8f	0x3b8c	0
0x3b9f	0x3b9b	1
0x3b9f	0x3b9c	0
0x3bb4	0x3bb0	1
0x3bb4	0x3bb1	0
0x3bbf	0x3bbb	1
0x3bbf	0x3bbc	0
0x3bcd	0x3bc9	1
0x3bcd	0x3bca	0
0x3bfb	0x3bf7	1
0x3bfb	0x3bf8	0
0x3c2f	0x3c2b	1
0x3c2f	0x3c2c	0
0x3c7e	0x3c7a	1
0x3c7e	0x3c7b	0
0x3c88	0x3c84	1
0x3c88	0x3c85	0
0x3c9a	0x3c96	1
0x3c9a	0x3c97	0
0x3ca7	0x3ca3	1
0x3ca7	0x3ca4	0
0x3cb4	0x3cb0	1
0x3cb4	0x3cb1	0
0x3cc2	0x3cbe	1
0x3cc2	0x3cbf	0
0x3ce3	0x3cdf	1
0x3ce3	0x3ce0	0
0x3cfe	0x3cfa	1
0x3cfe	0x3cfb	0
0x3d17	0x3d13	1
0x3d17	0x3d14	0
0x3d2b	0x3d24	1
0x3d2b	0x3d28	0
0x450f	0x450b	1
0x450f	0x450c	0
0x4515	0x4511	1
0x4515	0x4512	0
0x4523	0x451f	1
0x4523	0x4520	0
0x4530	0x452c	1
0x4530	0x452d	0
0x4544	0x4540	1
0x4544	0x4541	0
0x4558	0x4554	1
0x4558	0x4555	0
0x45d1	0x45cd	1
0x45d1	0x45ce	0
0x45d7	0x45d3	1
0x45d7	0x45d4	0
0x45e5	0x45e1	1
0x45e5	0x45e2	0
0x45fb	0x45f7	1
0x45fb	0x45f8	0
0x467e	0x467a	1
0x467e	0x467b	0
0x4684	0x4680	1
0x4684	0x4681	0
0x4692	0x468e	1
0x4692	0x468f	0
0x46ac	0x46a8	1
0x46ac	0x46a9	0
0x46b2	0x46ae	1
0x46b2	0x46af	0
0x46c3	0x46bf	1
0x46c3	0x46c0	0
0x46d2	0x46ce	1
0x46d2	0x46cf	0
0x46df	0x46db	1
0x46df	0x46dc	0
0x46f3	0x46ef	1
0x46f3	0x46f0	0
0x474d	0x4749	1
0x474d	0x474a	0
0x4753	0x474f	1
0x4753	0x4750	0
0x4761	0x475d	1
0x4761	0x475e	0
0x4777	0x4773	1
0x4777	0x4774	0
0x47c9	0x47c5	1
0x47c9	0x47c6	0
0x47cf	0x47cb	1
0x47cf	0x47cc	0
0x47dd	0x47d9	1
0x47dd	0x47da	0
0x47f7	0x47f3	1
0x47f7	0x47f4	0
0x47fd	0x47f9	1
0x47fd	0x47fa	0
0x480b	0x4807	1
0x480b	0x4808	0
0x4837	0x4833	1
0x4837	0x4834	0
0x4855	0x4851	1
0x4855	0x4852	0
0x4864	0x4860	1
0x4864	0x4861	0
0x488b	0x4887	1
0x488b	0x4888	0
0x48a3	0x489f	1
0x48a3	0x48a0	0
0x48bc	0x48b8	1
0x48bc	0x48b9	0
0x48d8	0x48d4	1
0x48d8	0x48d5	0
0x48e1	0x48dd	1
0x48e1	0x48de	0
0x48f0	0x48ec	1
0x48f0	0x48ed	0
0x4921	0x491d	1
0x4921	0x491e	0
0x4931	0x492d	1
0x4931	0x492e	0
0x4947	0x4943	1
0x4947	0x4944	0
0x495a	0x4956	1
0x495a	0x4957	0
0x4960	0x495c	1
0x4960	0x495d	0
0x496e	0x496a	1
0x496e	0x496b	0
0x497c	0x4978	1
0x497c	0x4979	0
0x4996	0x4992	1
0x4996	0x4993	0
0x499c	0x4998	1
0x499c	0x4999	0
0x49aa	0x49a6	1
0x49aa	0x49a7	0
0x49c4	0x49c0	1
0x49c4	0x49c1	0
0x49ca	0x49c6	1
0x49ca	0x49c7	0
0x49e0	0x49dc	1
0x49e0	0x49dd	0
0x49ee	0x49ea	1
0x49ee	0x49eb	0
0x49ff	0x49fb	1
0x49ff	0x49fc	0
0x4a29	0x4a25	1
0x4a29	0x4a26	0
0x4a2f	0x4a2b	1
0x4a2f	0x4a2c	0
0x4a45	0x4a41	1
0x4a45	0x4a42	0
0x4a53	0x4a4f	1
0x4a53	0x4a50	0
0x4a64	0x4a60	1
0x4a64	0x4a61	0
0x4a8e	0x4a8a	1
0x4a8e	0x4a8b	0
0x4a94	0x4a90	1
0x4a94	0x4a91	0
0x4aaa	0x4aa6	1
0x4aaa	0x4aa7	0
0x4ab8	0x4ab4	1
0x4ab8	0x4ab5	0
0x4ac9	0x4ac5	1
0x4ac9	0x4ac6	0
0x4af3	0x4aef	1
0x4af3	0x4af0	0
0x4af9	0x4af5	1
0x4af9	0x4af6	0
0x4b1a	0x4b16	1
0x4b1a	0x4b17	0
0x4b20	0x4b1c	1
0x4b20	0x4b1d	0
0x4b41	0x4b3d	1
0x4b41	0x4b3e	0
0x4b47	0x4b43	1
0x4b47	0x4b44	0
0x4b68	0x4b64	1
0x4b68	0x4b65	0
0x4b6e	0x4b6a	1
0x4b6e	0x4b6b	0
0x4b8f	0x4b8b	1
0x4b8f	0x4b8c	0
0x4b95	0x4b91	1
0x4b95	0x4b92	0
0x4bb6	0x4bb2	1
0x4bb6	0x4bb3	0
0x4bbc	0x4bb8	1
0x4bbc	0x4bb9	0
0x4bdd	0x4bd9	1
0x4bdd	0x4bda	0
0x4be3	0x4bdf	1
0x4be3	0x4be0	0
0x4c04	0x4c00	1
0x4c04	0x4c01	0
0x4c0a	0x4c06	1
0x4c0a	0x4c07	0
0x4c2b	0x4c27	1
0x4c2b	0x4c28	0
0x4c31	0x4c2d	1
0x4c31	0x4c2e	0
0x4c52	0x4c4e	1
0x4c52	0x4c4f	0
0x4c58	0x4c54	1
0x4c58	0x4c55	0
0x466e	0x4648	2
0x466e	0x4669	1
0x466e	0x466b	0
0x3c67	0x3c40	3
0x3c67	0x3c41	2
0x3c67	0x3c62	1
0x3c67	0x3c64	0
0x45c1	0x459a	3
0x45c1	0x459b	2
0x45c1	0x45bc	1
0x45c1	0x45be	0
0x47b9	0x4793	3
0x47b9	0x4794	2
0x47b9	0x47b5	1
0x47b9	0x47b7	0
0x473d	0x4713	4
0x473d	0x4717	3
0x473d	0x4718	2
0x473d	0x4739	1
0x473d	0x473b	0
0x4a18	0x4a14	1
0x4a18	0x4a16	0
0x4a7d	0x4a79	1
0x4a7d	0x4a7b	0
0x4ae2	0x4ade	1
0x4ae2	0x4ae0	0
0x4b09	0x4b05	1
0x4b09	0x4b07	0
0x4b30	0x4b2c	1
0x4b30	0x4b2e	0
0x4b57	0x4b53	1
0x4b57	0x4b55	0
0x4b7e	0x4b7a	1
0x4b7e	0x4b7c	0
0x4ba5	0x4ba1	1
0x4ba5	0x4ba3	0
0x4bcc	0x4bc8	1
0x4bcc	0x4bca	0
0x4bf3	0x4bef	1
0x4bf3	0x4bf1	0
0x4c1a	0x4c16	1
0x4c1a	0x4c18	0
0x4c41	0x4c3d	1
0x4c41	0x4c3f	0
0x4c68	0x4c64	1
0x4c68	0x4c66	0
0xdb	0xd8	0
0xdb	0xd8	1
0xf2	0xef	0
0xf2	0xef	1
0x108	0x105	0
0x108	0x105	1
0x119	0x116	0
0x119	0x116	1
0x130	0x12d	0
0x130	0x12d	1
0x154	0x151	0
0x154	0x151	1
0x16b	0x168	0
0x16b	0x168	1
0x186	0x183	0
0x186	0x183	1
0x229	0x226	0
0x229	0x226	1
0x23f	0x23c	0
0x23f	0x23c	1
0x25f	0x25c	0
0x25f	0x25c	1
0x27a	0x277	0
0x27a	0x277	1
0x294	0x291	0
0x294	0x291	1
0x33a	0x337	0
0x33a	0x337	1
0x353	0x350	0
0x353	0x350	1
0x36c	0x369	0
0x36c	0x369	1
0x387	0x384	0
0x387	0x384	1
0x3a1	0x39e	0
0x3a1	0x39e	1
0x443	0x440	0
0x443	0x440	1
0x4a0	0x49d	0
0x4a0	0x49d	1
0x4f7	0x4f4	0
0x4f7	0x4f4	1
0x518	0x515	0
0x518	0x515	1
0x530	0x52d	0
0x530	0x52d	1
0x542	0x53f	0
0x542	0x53f	1
0x583	0x580	0
0x583	0x580	1
0x5a4	0x5a1	0
0x5a4	0x5a1	1
0x5ba	0x5b7	0
0x5ba	0x5b7	1
0x5d9	0x5d6	0
0x5d9	0x5d6	1
0x5f3	0x5f0	0
0x5f3	0x5f0	1
0x612	0x60f	0
0x612	0x60f	1
0x633	0x630	0
0x633	0x630	1
0x649	0x646	0
0x649	0x646	1
0x65b	0x658	0
0x65b	0x658	1
0x68a	0x687	0
0x68a	0x687	1
0x6b9	0x6b6	0
0x6b9	0x6b6	1
0x86d	0x86a	0
0x86d	0x86a	1
0xa99	0xa96	0
0xa99	0xa96	1
0xaa9	0xaa6	0
0xaa9	0xaa6	1
0xe1b	0xe18	0
0xe1b	0xe18	1
0xe2d	0xe2a	0
0xe2d	0xe2a	1
0xe3a	0xe37	0
0xe3a	0xe37	1
0xe62	0xe5f	0
0xe62	0xe5f	1
0xe76	0xe73	0
0xe76	0xe73	1
0xe94	0xe91	0
0xe94	0xe91	1
0xea2	0xe9f	0
0xea2	0xe9f	1
0xec3	0xec0	0
0xec3	0xec0	1
0x1798	0x1795	0
0x1798	0x1795	1
0x1b2c	0x1b29	0
0x1b2c	0x1b29	1
0x1b42	0x1b3f	0
0x1b42	0x1b3f	1
0x1b50	0x1b4d	0
0x1b50	0x1b4d	1
0x1b67	0x1b64	0
0x1b67	0x1b64	1
0x1b75	0x1b72	0
0x1b75	0x1b72	1
0x1e66	0x1e63	0
0x1e66	0x1e63	1
0x1e7c	0x1e79	0
0x1e7c	0x1e79	1
0x1e8a	0x1e87	0
0x1e8a	0x1e87	1
0x1ea1	0x1e9e	0
0x1ea1	0x1e9e	1
0x1eaf	0x1eac	0
0x1eaf	0x1eac	1
0x2198	0x2195	0
0x2198	0x2195	1
0x21ae	0x21ab	0
0x21ae	0x21ab	1
0x21bc	0x21b9	0
0x21bc	0x21b9	1
0x21d3	0x21d0	0
0x21d3	0x21d0	1
0x21e1	0x21de	0
0x21e1	0x21de	1
0x25bb	0x25b8	0
0x25bb	0x25b8	1
0x25d1	0x25ce	0
0x25d1	0x25ce	1
0x25df	0x25dc	0
0x25df	0x25dc	1
0x25f6	0x25f3	0
0x25f6	0x25f3	1
0x2604	0x2601	0
0x2604	0x2601	1
0x28d2	0x28cf	0
0x28d2	0x28cf	1
0x2cf6	0x2cf3	0
0x2cf6	0x2cf3	1
0x2d08	0x2d05	0
0x2d08	0x2d05	1
0x2d1e	0x2d1b	0
0x2d1e	0x2d1b	1
0x2d2c	0x2d29	0
0x2d2c	0x2d29	1
0x2d43	0x2d40	0
0x2d43	0x2d40	1
0x2d51	0x2d4e	0
0x2d51	0x2d4e	1
0x3048	0x3045	0
0x3048	0x3045	1
0x305a	0x3057	0
0x305a	0x3057	1
0x3070	0x306d	0
0x3070	0x306d	1
0x307e	0x307b	0
0x307e	0x307b	1
0x3095	0x3092	0
0x3095	0x3092	1
0x30a3	0x30a0	0
0x30a3	0x30a0	1
0x3941	0x393e	0
0x3941	0x393e	1
0x3953	0x3950	0
0x3953	0x3950	1
0x3960	0x395d	0
0x3960	0x395d	1
0x396e	0x396b	0
0x396e	0x396b	1
0x398f	0x398c	0
0x398f	0x398c	1
0x39d5	0x39d2	0
0x39d5	0x39d2	1
0x39f8	0x39f5	0
0x39f8	0x39f5	1
0x3a0e	0x3a0b	0
0x3a0e	0x3a0b	1
0x3a8e	0x3a8b	0
0x3a8e	0x3a8b	1
0x3aa4	0x3a9f	1
0x3aa4	0x3aa1	0
0x3ab5	0x3ab2	0
0x3ab5	0x3ab2	1
0x3ad3	0x3ad0	0
0x3ad3	0x3ad0	1
0x3af5	0x3af2	0
0x3af5	0x3af2	1
0x3b0b	0x3b08	0
0x3b0b	0x3b08	1
0x3b21	0x3b1e	0
0x3b21	0x3b1e	1
0x3b32	0x3b2f	0
0x3b32	0x3b2f	1
0x3b49	0x3b46	0
0x3b49	0x3b46	1
0x3b7c	0x3b79	0
0x3b7c	0x3b79	1
0x3b93	0x3b90	0
0x3b93	0x3b90	1
0x3ba3	0x3ba0	0
0x3ba3	0x3ba0	1
0x3bc3	0x3bc0	0
0x3bc3	0x3bc0	1
0x3bd1	0x3bce	0
0x3bd1	0x3bce	1
0x3bff	0x3bfc	0
0x3bff	0x3bfc	1
0x3c33	0x3c30	0
0x3c33	0x3c30	1
0x3c8c	0x3c89	0
0x3c8c	0x3c89	1
0x3c9e	0x3c9b	0
0x3c9e	0x3c9b	1
0x3cab	0x3ca8	0
0x3cab	0x3ca8	1
0x3cb8	0x3cb5	0
0x3cb8	0x3cb5	1
0x3cc6	0x3cc3	0
0x3cc6	0x3cc3	1
0x3ce7	0x3ce4	0
0x3ce7	0x3ce4	1
0x3d02	0x3cff	0
0x3d02	0x3cff	1
0x3d1b	0x3d18	0
0x3d1b	0x3d18	1
0x3d2f	0x3d2c	0
0x3d2f	0x3d2c	1
0x4519	0x4516	0
0x4519	0x4516	1
0x4527	0x4524	0
0x4527	0x4524	1
0x4534	0x4531	0
0x4534	0x4531	1
0x4548	0x4545	0
0x4548	0x4545	1
0x455c	0x4559	0
0x455c	0x4559	1
0x45db	0x45d8	0
0x45db	0x45d8	1
0x45e9	0x45e6	0
0x45e9	0x45e6	1
0x45ff	0x45fc	0
0x45ff	0x45fc	1
0x4688	0x4685	0
0x4688	0x4685	1
0x4696	0x4693	0
0x4696	0x4693	1
0x46b6	0x46b3	0
0x46b6	0x46b3	1
0x46c7	0x46c4	0
0x46c7	0x46c4	1
0x46d6	0x46d3	0
0x46d6	0x46d3	1
0x46e3	0x46e0	0
0x46e3	0x46e0	1
0x46f7	0x46f4	0
0x46f7	0x46f4	1
0x4757	0x4754	0
0x4757	0x4754	1
0x4765	0x4762	0
0x4765	0x4762	1
0x477b	0x4778	0
0x477b	0x4778	1
0x47d3	0x47d0	0
0x47d3	0x47d0	1
0x47e1	0x47de	0
0x47e1	0x47de	1
0x4801	0x47fe	0
0x4801	0x47fe	1
0x480f	0x480c	0
0x480f	0x480c	1
0x483b	0x4838	0
0x483b	0x4838	1
0x4859	0x4856	0
0x4859	0x4856	1
0x4868	0x4865	0
0x4868	0x4865	1
0x488f	0x488c	0
0x488f	0x488c	1
0x48a7	0x48a4	0
0x48a7	0x48a4	1
0x48c0	0x48bd	0
0x48c0	0x48bd	1
0x48e5	0x48e2	0
0x48e5	0x48e2	1
0x48f4	0x48f1	0
0x48f4	0x48f1	1
0x4925	0x4922	0
0x4925	0x4922	1
0x4935	0x4932	0
0x4935	0x4932	1
0x4964	0x4961	0
0x4964	0x4961	1
0x4972	0x496f	0
0x4972	0x496f	1
0x4980	0x497d	0
0x4980	0x497d	1
0x49a0	0x499d	0
0x49a0	0x499d	1
0x49ae	0x49ab	0
0x49ae	0x49ab	1
0x49ce	0x49cb	0
0x49ce	0x49cb	1
0x49e4	0x49e1	0
0x49e4	0x49e1	1
0x49f2	0x49ef	0
0x49f2	0x49ef	1
0x4a03	0x4a00	0
0x4a03	0x4a00	1
0x4a33	0x4a30	0
0x4a33	0x4a30	1
0x4a49	0x4a46	0
0x4a49	0x4a46	1
0x4a57	0x4a54	0
0x4a57	0x4a54	1
0x4a68	0x4a65	0
0x4a68	0x4a65	1
0x4a98	0x4a95	0
0x4a98	0x4a95	1
0x4aae	0x4aab	0
0x4aae	0x4aab	1
0x4abc	0x4ab9	0
0x4abc	0x4ab9	1
0x4acd	0x4aca	0
0x4acd	0x4aca	1
0x4afd	0x4afa	0
0x4afd	0x4afa	1
0x4b24	0x4b21	0
0x4b24	0x4b21	1
0x4b4b	0x4b48	0
0x4b4b	0x4b48	1
0x4b72	0x4b6f	0
0x4b72	0x4b6f	1
0x4b99	0x4b96	0
0x4b99	0x4b96	1
0x4bc0	0x4bbd	0
0x4bc0	0x4bbd	1
0x4be7	0x4be4	0
0x4be7	0x4be4	1
0x4c0e	0x4c0b	0
0x4c0e	0x4c0b	1
0x4c35	0x4c32	0
0x4c35	0x4c32	1
0x4c5c	0x4c59	0
0x4c5c	0x4c59	1
0x4c71	0x4c6d	1
0x4c71	0x4c6f	0
0x13	0x10	1
0x13	0x11	0
0x2c	0x14	1
0x2c	0x2a	0
0x64	0x41	1
0x64	0x62	0
0x7d	0x65	1
0x7d	0x7b	0
0xa1	0x7e	1
0xa1	0x9f	0
0xad	0xaa	0
0xad	0xa9_0x0	1
0xb4	0xae	0
0xb4	0xb1	1
0xbb	0xb5	1
0xbb	0xba	0
0xc6	0xbd	0
0xc6	0xc0	1
0xf8	0xf4	1
0xf8	0xf6	0
0x11f	0x11b	1
0x11f	0x11d	0
0x141	0x139	1
0x141	0x13e	0
0x15a	0x156	1
0x15a	0x158	0
0x190	0xe0	0
0x190	0x176	1
0x19a	0xbd	0
0x19a	0x197	1
0x1aa	0x1a5	1
0x1aa	0x1a7	0
0x1d4	0x1d0	1
0x1d4	0x1d1	0
0x1ec	0x1e9	0
0x1ec	0x2921	1
0x1f0	0x1ed	0
0x1f0	0x291d	1
0x1f4	0x1f1	0
0x1f4	0x2919	1
0x1fe	0x1f5	0
0x1fe	0x1fc	1
0x208	0x203	1
0x208	0x207	0
0x214	0x20b	0
0x214	0x20e	1
0x245	0x241	1
0x245	0x243	0
0x29a	0x27d	1
0x29a	0x299	0
0x2a3	0x20b	0
0x2a3	0x2a0	1
0x2b3	0x2ae	1
0x2b3	0x2b0	0
0x2dd	0x2d9	1
0x2dd	0x2da	0
0x2f5	0x2f2	0
0x2f5	0x7b8	1
0x2f9	0x2f6	0
0x2f9	0x7b4	1
0x2fd	0x2fa	0
0x2fd	0x7b0	1
0x301	0x2fe	0
0x301	0x7ac	1
0x305	0x302	0
0x305	0x7a8	1
0x30f	0x306	0
0x30f	0x30d	1
0x319	0x314	1
0x319	0x318	0
0x325	0x31c	0
0x325	0x31f	1
0x3a7	0x38a	1
0x3a7	0x3a6	0
0x3b0	0x31c	0
0x3b0	0x3ad	1
0x3c0	0x3bb	1
0x3c0	0x3bd	0
0x3ea	0x3e6	1
0x3ea	0x3e7	0
0x402	0x3ff	0
0x402	0x17e0	1
0x406	0x403	0
0x406	0x17dc	1
0x40a	0x407	0
0x40a	0x17d8	1
0x410	0x40b	1
0x410	0x40d	0
0x41a	0x411	0
0x41a	0x414	1
0x42c	0x428	1
0x42c	0x429	0
0x44d	0x42d	0
0x44d	0x447	1
0x457	0x411	0
0x457	0x454	1
0x470	0x46c	1
0x470	0x46e	0
0x480	0x47b	1
0x480	0x47d	0
0x488	0x484	1
0x488	0x485	0
0x4ac	0x490	1
0x4ac	0x4a9	0
0x4b6	0x4ad	0
0x4b6	0x4b0	1
0x4c0	0x4bc	1
0x4c0	0x4bd	0
0x4ca	0x4c1	0
0x4ca	0x4c4	1
0x4dc	0x4d8	1
0x4dc	0x4d9	0
0x54d	0x545	1
0x54d	0x54a	0
0x556	0x4c1	0
0x556	0x553	1
0x568	0x564	1
0x568	0x565	0
0x666	0x65e	1
0x666	0x663	0
0x6d7	0x4ad	0
0x6d7	0x6d4	1
0x6e8	0x6e5	1
0x6e8	0x6e6	0
0x6ff	0x6fc	0
0x703	0x700	0
0x707	0x704	0
0x70b	0x708	0
0x70f	0x70c	0
0x716	0x710	1
0x716	0x713	0
0x727	0x723	1
0x727	0x724	0
0x742	0x73a	1
0x742	0x73f	0
0x74c	0x746	1
0x74c	0x749	0
0x75d	0x759	1
0x75d	0x75a	0
0x778	0x770	1
0x778	0x775	0
0x782	0x779	0
0x782	0x780	1
0x78c	0x787	1
0x78c	0x78b	0
0x798	0x78f	0
0x798	0x796	1
0x7a2	0x79d	1
0x7a2	0x7a1	0
0x875	0x86f	1
0x875	0x872	0
0x886	0x882	1
0x886	0x883	0
0x8a1	0x899	1
0x8a1	0x89e	0
0x8ab	0x8a5	1
0x8ab	0x8a8	0
0x8bc	0x8b8	1
0x8bc	0x8b9	0
0x8d7	0x8cf	1
0x8d7	0x8d4	0
0x8e1	0x8db	1
0x8e1	0x8de	0
0x8f2	0x8ee	1
0x8f2	0x8ef	0
0xab4	0xaaf	1
0xab4	0xab2	0
0xabc	0xaac	0
0xabc	0xaba	1
0xac2	0xaaf	1
0xac2	0xac0	0
0xace	0xac9	1
0xace	0xacd	0
0xe42	0xe3c	0
0xe42	0xe3f	1
0xe49	0xe43	1
0xe49	0xe48	0
0xe81	0xe79	1
0xe81	0xe7e	0
0xe88	0xe84	1
0xe88	0xe85	0
0xeb3	0xeab	1
0xeb3	0xeb0	0
0xecf	0xecb	1
0xecf	0xecc	0
0xed9	0xed3	1
0xed9	0xed6	0
0xeea	0xee6	1
0xeea	0xee7	0
0x1750	0x174d	0
0x1754	0x1751	0
0x1758	0x1755	0
0x175c	0x1759	0
0x1760	0x175d	0
0x1764	0x1761	0
0x17be	0x17b6	1
0x17be	0x17bb	0
0x17c8	0x17bf	0
0x17c8	0x17c6	1
0x17d2	0x17cd	1
0x17d2	0x17d1	0
0x28b2	0x28af	0
0x28b6	0x28b3	0
0x28ba	0x28b7	0
0x28be	0x28bb	0
0x28c2	0x28bf	0
0x28c6	0x28c3	0
0x28ff	0x28f7	1
0x28ff	0x28fc	0
0x2909	0x2900	0
0x2909	0x2907	1
0x2913	0x290e	1
0x2913	0x2912	0
0x397f	0x3977	1
0x397f	0x397c	0
0x399b	0x3997	1
0x399b	0x3998	0
0x39a2	0x399c	0
0x39a2	0x399f	1
0x39a9	0x39a3	1
0x39a9	0x39a8	0
0x39b1	0x39ab	0
0x39b1	0x39ae	1
0x39b8	0x39b2	1
0x39b8	0x39b7	0
0x39c3	0x39ba	0
0x39c3	0x39bd	1
0x39db	0x39d7	1
0x39db	0x39d9	0
0x3a19	0x3a11	1
0x3a19	0x3a16	0
0x3a22	0x3a1a	1
0x3a22	0x3a1f	0
0x3a28	0x3a23	1
0x3a28	0x3a25	0
0x3a2e	0x3a29	1
0x3a2e	0x3a2b	0
0x3a53	0x3a2f	1
0x3a53	0x3a50	0
0x3a78	0x3a54	1
0x3a78	0x3a75	0
0x3abb	0x3ab7	1
0x3abb	0x3ab9	0
0x3afb	0x3ae2	1
0x3afb	0x3afa	0
0x3b11	0x3b0d	1
0x3b11	0x3b0f	0
0x3b38	0x3b34	1
0x3b38	0x3b36	0
0x3b5a	0x3b52	1
0x3b5a	0x3b57	0
0x3b5f	0x3b5b	1
0x3b5f	0x3b5c	0
0x3b67	0x3b63	1
0x3b67	0x3b64	0
0x3b82	0x3b7e	1
0x3b82	0x3b80	0
0x3bad	0x39ba	0
0x3bad	0x3baa	1
0x3be1	0x3bd9	1
0x3be1	0x3bde	0
0x3be6	0x3be2	1
0x3be6	0x3be3	0
0x3bed	0x3be9	1
0x3bed	0x3bea	0
0x3c08	0x3c04	1
0x3c08	0x3c05	0
0x3c10	0x3c0c	1
0x3c10	0x3c0d	0
0x3c18	0x3c14	1
0x3c18	0x3c15	0
0x3c20	0x3c1c	1
0x3c20	0x3c1d	0
0x3c3f	0x3c37	1
0x3c3f	0x3c3c	0
0x3cd7	0x3ccf	1
0x3cd7	0x3cd4	0
0x3cf3	0x3cef	1
0x3cf3	0x3cf0	0
0x3d3a	0x3d32	1
0x3d3a	0x3d37	0
0x3d41	0x3d3d	1
0x3d41	0x3d3e	0
0x4568	0x4560	1
0x4568	0x4565	0
0x4588	0x4584	1
0x4588	0x4585	0
0x458f	0x458b	1
0x458f	0x458c	0
0x4596	0x4592	1
0x4596	0x4593	0
0x460c	0x4608	1
0x460c	0x4609	0
0x4613	0x460f	1
0x4613	0x4610	0
0x461a	0x4616	1
0x461a	0x4617	0
0x4637	0x4633	1
0x4637	0x4634	0
0x463f	0x463b	1
0x463f	0x463c	0
0x4647	0x4643	1
0x4647	0x4644	0
0x4703	0x46fb	1
0x4703	0x4700	0
0x4788	0x4784	1
0x4788	0x4785	0
0x4817	0x4811	0
0x4817	0x4814	1
0x481e	0x4818	1
0x481e	0x481d	0
0x4829	0x4820	0
0x4829	0x4823	1
0x4841	0x483d	1
0x4841	0x483f	0
0x484c	0x4848	1
0x484c	0x4849	0
0x4879	0x4871	1
0x4879	0x4876	0
0x487e	0x487a	1
0x487e	0x487b	0
0x48ad	0x48a9	1
0x48ad	0x48ab	0
0x48cc	0x48c4	1
0x48cc	0x48c9	0
0x4905	0x48fd	1
0x4905	0x4902	0
0x490a	0x4906	1
0x490a	0x4907	0
0x4912	0x490e	1
0x4912	0x490f	0
0x4940	0x4820	0
0x4940	0x493d	1
0x4a09	0x4a05	1
0x4a09	0x4a07	0
0x4a13	0x4a10	1
0x4a13	0x4a11	0
0x4a6e	0x4a6a	1
0x4a6e	0x4a6c	0
0x4a78	0x4a75	1
0x4a78	0x4a76	0
0x4ad3	0x4acf	1
0x4ad3	0x4ad1	0
0x4add	0x4ada	1
0x4add	0x4adb	0
0x4b04	0x4b01	1
0x4b04	0x4b02	0
0x4b2b	0x4b28	1
0x4b2b	0x4b29	0
0x4b52	0x4b4f	1
0x4b52	0x4b50	0
0x4b79	0x4b76	1
0x4b79	0x4b77	0
0x4ba0	0x4b9d	1
0x4ba0	0x4b9e	0
0x4bc7	0x4bc4	1
0x4bc7	0x4bc5	0
0x4bee	0x4beb	1
0x4bee	0x4bec	0
0x4c15	0x4c12	1
0x4c15	0x4c13	0
0x4c3c	0x4c39	1
0x4c3c	0x4c3a	0
0x4c63	0x4c60	1
0x4c63	0x4c61	0
0xe23	0xe1d	1
0xe23	0xe1f	0
0x2cfe	0x2cf8	1
0x2cfe	0x2cfa	0
0x3050	0x304a	1
0x3050	0x304c	0
0x3949	0x3943	1
0x3949	0x3945	0
0x3add	0x3ac1	0
0x3add	0x3ad7	1
0x3c6e	0x3c68	1
0x3c6e	0x3c6a	0
0x3c94	0x3c8e	1
0x3c94	0x3c90	0
0x456f	0x456c	1
0x456f	0x456d	0
0x4575	0x4572	1
0x4575	0x4573	0
0x457b	0x4578	1
0x457b	0x4579	0
0x4581	0x457e	1
0x4581	0x457f	0
0x4605	0x4601	1
0x4605	0x4603	0
0x4621	0x461e	1
0x4621	0x461f	0
0x4628	0x4625	1
0x4628	0x4626	0
0x462f	0x462c	1
0x462f	0x462d	0
0x469c	0x4698	1
0x469c	0x469a	0
0x470a	0x4707	1
0x470a	0x4708	0
0x4710	0x470d	1
0x4710	0x470e	0
0x4781	0x477d	1
0x4781	0x477f	0
0x478f	0x478c	1
0x478f	0x478d	0
0x47e7	0x47e3	1
0x47e7	0x47e5	0
0x4986	0x4982	1
0x4986	0x4984	0
0x49b4	0x49b0	1
0x49b4	0x49b2	0
