0x0	0x0
0x60	0x60
0x3f	0x3f
0x2	0x2
0x5	0x5
0x6	0x6
0x7	0x7
0xb	0xb
0xb	0x32
0x10	0x10
0x2e	0x2e
0x30	0x30
0x31	0x31
0x31	0x32
0x32	0x32
0x33	0x33
0x39	0x39
0x44	0x44
0x4a	0x4a
0x4f	0x4f
0x55	0x55
0x5a	0x5a
0x65	0x65
0x6b	0x6b
0x70	0x70
0x76	0x76
0x7b	0x7b
0x81	0x81
0x86	0x86
0x8c	0x8c
0x91	0x91
0x97	0x97
0x9c	0x9c
0xa2	0xa2
0xa7	0xa7
0xad	0xad
0xb2	0xb2
0xb8	0xb8
0xbd	0xbd
0xc3	0xc3
0xc8	0xc8
0xce	0xce
0xd3	0xd3
0xd9	0xd9
0xde	0xde
0xe4	0xe4
0xe9	0xe9
0xef	0xef
0xf4	0xf4
0xfa	0xfa
0xff	0xff
0x105	0x105
0x10a	0x10a
0x110	0x110
0x121	0x121
0x122	0x122
0x123	0x123
0x129	0x129
0x12c	0x12c
0x1b1	0x1b1
0x1b2	0x1b2
0x1b3	0x1b3
0x1b9	0x1b9
0x1bc	0x1bc
0x1be	0x1be
0x1c0	0x1c0
0x1c2	0x1c2
0x1c3	0x1c3
0x1c3	0x1c7
0x1c3	0x690V0x1b8
0x1c4	0x1c4
0x1c6	0x1c6
0x1c6	0x1c7
0x1c6	0x690V0x1b8
0x1c7	0x1c7
0x1c7	0x690V0x1b8
0x1c8	0x1c8
0x1ca	0x1ca
0x1cb	0x1cb
0x1e4	0x1e4
0x1e5	0x1e5
0x1e6	0x1e6
0x1ec	0x1ec
0x1ef	0x1ef
0x206	0x206
0x207	0x207
0x208	0x208
0x20e	0x20e
0x211	0x211
0x213	0x213
0x215	0x215
0x217	0x217
0x218	0x218
0x218	0x21d
0x218	0x222
0x218	0x74eV0x20d
0x218	0x768V0x20d
0x218	0x6ecV0x20d
0x218	0x711V0x20d
0x219	0x219
0x21b	0x21b
0x21b	0x21d
0x21b	0x768V0x20d
0x21b	0x6ecV0x20d
0x21b	0x711V0x20d
0x21d	0x21d
0x21d	0x768V0x20d
0x21d	0x6ecV0x20d
0x21d	0x711V0x20d
0x21f	0x21f
0x221	0x221
0x221	0x222
0x221	0x74eV0x20d
0x222	0x222
0x222	0x74eV0x20d
0x223	0x223
0x225	0x225
0x226	0x226
0x23f	0x23f
0x240	0x240
0x241	0x241
0x247	0x247
0x24a	0x24a
0x261	0x261
0x262	0x262
0x263	0x263
0x269	0x269
0x269	0x7ddarg0x0
0x26c	0x26c
0x283	0x283
0x284	0x284
0x285	0x285
0x28b	0x28b
0x28e	0x28e
0x2a5	0x2a5
0x2a6	0x2a6
0x2a7	0x2a7
0x2ad	0x2ad
0x2b0	0x2b0
0x2b7	0x2b7
0x2b8	0x2b8
0x2b9	0x2b9
0x2bf	0x2bf
0x2c2	0x2c2
0x347	0x347
0x348	0x348
0x349	0x349
0x34f	0x34f
0x352	0x352
0x369	0x369
0x36a	0x36a
0x36b	0x36b
0x371	0x371
0x374	0x374
0x376	0x376
0x378	0x378
0x37a	0x37a
0x37b	0x37b
0x37b	0x37f
0x37b	0x99dV0x370
0x37c	0x37c
0x37e	0x37e
0x37e	0x37f
0x37e	0x99dV0x370
0x37f	0x37f
0x37f	0x99dV0x370
0x380	0x380
0x397	0x397
0x398	0x398
0x399	0x399
0x39f	0x39f
0x3a2	0x3a2
0x3c3	0x3c3
0x3c4	0x3c4
0x3c5	0x3c5
0x3cb	0x3cb
0x3ce	0x3ce
0x3e7	0x3e7
0x3e8	0x3e8
0x3e9	0x3e9
0x3ef	0x3ef
0x3f2	0x3f2
0x409	0x409
0x40a	0x40a
0x40b	0x40b
0x411	0x411
0x414	0x414
0x499	0x499
0x49a	0x49a
0x49b	0x49b
0x4a1	0x4a1
0x4a4	0x4a4
0x4c5	0x4c5
0x4c6	0x4c6
0x4c7	0x4c7
0x4cd	0x4cd
0x4d0	0x4d0
0x4d2	0x4d2
0x4d4	0x4d4
0x4d6	0x4d6
0x4d7	0x4d7
0x4d7	0x4db
0x4d7	0xa71V0x4cc
0x4d8	0x4d8
0x4da	0x4da
0x4da	0x4db
0x4da	0xa71V0x4cc
0x4db	0x4db
0x4db	0xa71V0x4cc
0x4dc	0x4dc
0x4de	0x4de
0x4df	0x4df
0x4f8	0x4f8
0x4f8	0x557arg0x0
0x4fb	0x4fb
0x502	0x502
0x503	0x503
0x504	0x504
0x50a	0x50a
0x50d	0x50d
0x524	0x524
0x525	0x525
0x526	0x526
0x52c	0x52c
0x52f	0x52f
0x531	0x531
0x533	0x533
0x535	0x535
0x536	0x536
0x536	0x53b
0x536	0x540
0x536	0xadaV0x52b
0x536	0xaeeV0x52b
0x537	0x537
0x539	0x539
0x539	0x53b
0x539	0xadaV0x52b
0x53b	0x53b
0x53b	0xadaV0x52b
0x53d	0x53d
0x53f	0x53f
0x53f	0x540
0x53f	0xaeeV0x52b
0x540	0x540
0x540	0xaeeV0x52b
0x541	0x541
0x558	0x558
0x55a	0x55a
0x55b	0x55b
0x560	0x560
0x562	0x562
0x564	0x564
0x566	0x566
0x567	0x567
0x569	0x569
0x56a	0x56a
0x56b	0x56b
0x56f	0x56f
0x571	0x571
0x575	0x575
0x577	0x577
0x578	0x578
0x579	0x579
0x57a	0x57a
0x57b	0x57b
0x57f	0x57f
0x581	0x581
0x585	0x585
0x587	0x587
0x588	0x588
0x589	0x589
0x58a	0x58a
0x58b	0x58b
0x58f	0x58f
0x591	0x591
0x595	0x595
0x596	0x596
0x597	0x597
0x598	0x598
0x59c	0x59c
0x59e	0x59e
0x5a2	0x5a2
0x5a2	0xafcarg0x2
0x5a5	0x5a5
0x5a5	0xafcarg0x1
0x5a6	0x5a6
0x5a6	0x7ddarg0x0
0x5a9	0x5a9
0x5ae	0x5ae
0x5b5	0x5b5
0x5b5	0xb2barg0x2
0x5b8	0x5b8
0x5ba	0x5ba
0x5ba	0xb2barg0x1
0x5bc	0x5bc
0x5c3	0x5c3
0x5d1	0x5d1
0x5d2	0x5d2
0x5d3	0x5d3
0x5d7	0x5d7
0x5d9	0x5d9
0x5dd	0x5dd
0x5e2	0x5e2
0x5e4	0x5e4
0x5e6	0x5e6
0x5e8	0x5e8
0x5e9	0x5e9
0x5e9	0x5eb
0x5ea	0x5ea
0x5ea	0x5eb
0x5eb	0x5eb
0x5ef	0x5ef
0x5f1	0x5f1
0x5f6	0x5f6
0x5fb	0x5fb
0x5fd	0x5fd
0x5ff	0x5ff
0x603	0x603
0x608	0x608
0x60b	0x60b
0x630	0x630
0x633	0x633
0x63b	0x63b
0x63e	0x63e
0x641	0x641
0x645	0x645
0x649	0x649
0x66a	0x66a
0x66d	0x66d
0x6dd	0x6dd
0x6df	0x6df
0x7d9	0x7d9
0x7de	0x7de
0x7e0	0x7e0
0x7e2	0x7e2
0x7e3	0x7e3
0x7e4	0x7e4
0x7e5	0x7e5
0x7e5	0x7f5_0x0
0x7e7	0x7e7
0x7e8	0x7e8
0x7ed	0x7ed
0x7ef	0x7ef
0x7f0	0x7f0
0x7f2	0x7f2
0x7f3	0x7f3
0x7f4	0x7f4
0x7f4	0x7f5_0x0
0x7f6	0x7f6
0x7f7	0x7f7
0x7fc	0x7fc
0x7fc	0x26f_0x0
0x7fc	0x5ac_0x0
0x7fc	0xafcarg0x0
0x7fe	0x7fe
0x803	0x803
0x805	0x805
0x806	0x806
0x807	0x807
0x808	0x808
0x808	0x819_0x0
0x80a	0x80a
0x80b	0x80b
0x810	0x810
0x812	0x812
0x813	0x813
0x816	0x816
0x817	0x817
0x818	0x818
0x818	0x819_0x0
0x81a	0x81a
0x81b	0x81b
0x820	0x820
0x820	0x26f_0x0
0x820	0x5ac_0x0
0x820	0xafcarg0x0
0x822	0x822
0x828	0x828
0x828	0x26f_0x0
0x828	0x5ac_0x0
0x828	0xafcarg0x0
0x82e	0x82e
0x985	0x985
0x9b3	0x9b3
0x9b5	0x9b5
0x9b5	0x9be
0x9b5	0x244b6
0x9b6	0x9b6
0x9b8	0x9b8
0x9ba	0x9ba
0x9bc	0x9bc
0x9bd	0x9bd
0x9bd	0x9be
0x9bd	0x244b6
0x9be	0x9be
0x9be	0x244b6
0x9c2	0x9c2
0x9c4	0x9c4
0x9c5	0x9c5
0x9c7	0x9c7
0x9c9	0x9c9
0x9cb	0x9cb
0x9cc	0x9cc
0x9ce	0x9ce
0x9d2	0x9d2
0x9d4	0x9d4
0x9d8	0x9d8
0x9db	0x9db
0x9de	0x9de
0x9e2	0x9e2
0x9e6	0x9e6
0xa07	0xa07
0xa0a	0xa0a
0xa0f	0xa0f
0xa11	0xa11
0xa11	0xa1a
0xa11	0x24555
0xa12	0xa12
0xa14	0xa14
0xa16	0xa16
0xa18	0xa18
0xa19	0xa19
0xa19	0xa1a
0xa19	0x24555
0xa1a	0xa1a
0xa1a	0x24555
0xaca	0xaca
0xacc	0xacc
0xafd	0xafd
0xb01	0xb01
0xb01	0x5b1_0x0
0xb01	0xb2barg0x0
0xb03	0xb03
0xb03	0xb180xafc_0x0
0xb05	0xb05
0xb0e	0xb0e
0xb0f	0xb0f
0xb10	0xb10
0xb16	0xb16
0xb17	0xb17
0xb17	0xb180xafc_0x0
0xb2c	0xb2c
0xb30	0xb30
0xb30	0x5bf_0x0
0xb33	0xb33
0xb35	0xb35
0xb37	0xb37
0xb3e	0xb3e
0xb3f	0xb3f
0xb41	0xb41
0xb42	0xb42
0xb43	0xb43
0x171c	0x171c
0x491c	0x491c
0x851c	0x851c
0x8f1c	0x8f1c
0x991c	0x991c
0xf31c	0xf31c
0x1071c	0x1071c
0x242fb	0x242fb
0x242fe	0x242fe
0x24300	0x24300
0x24301	0x24301
0x24304	0x24304
0x24308	0x24308
0x24309	0x24309
0x2430b	0x2430b
0x2432e	0x2432e
0x24331	0x24331
0x24335	0x24335
0x24339	0x24339
0x2433a	0x2433a
0x2433c	0x2433c
0x2435f	0x2435f
0x24362	0x24362
0x24364	0x24364
0x24365	0x24365
0x24368	0x24368
0x2436c	0x2436c
0x2436d	0x2436d
0x2436f	0x2436f
0x24392	0x24392
0x24395	0x24395
0x24399	0x24399
0x2439d	0x2439d
0x2439e	0x2439e
0x243a0	0x243a0
0x243c3	0x243c3
0x243c6	0x243c6
0x243ca	0x243ca
0x243ce	0x243ce
0x243cf	0x243cf
0x243d1	0x243d1
0x243f4	0x243f4
0x243f7	0x243f7
0x243fb	0x243fb
0x243ff	0x243ff
0x24400	0x24400
0x24402	0x24402
0x24446	0x24446
0x24449	0x24449
0x2444d	0x2444d
0x24451	0x24451
0x24452	0x24452
0x24454	0x24454
0x24477	0x24477
0x2447a	0x2447a
0x2447e	0x2447e
0x24482	0x24482
0x24483	0x24483
0x24485	0x24485
0x244a8	0x244a8
0x244ab	0x244ab
0x244ac	0x244ac
0x244ae	0x244ae
0x244b0	0x244b0
0x244b2	0x244b2
0x244b3	0x244b3
0x244b3	0x244b6
0x244b6	0x244b6
0x244b9	0x244b9
0x244bd	0x244bd
0x244be	0x244be
0x244c0	0x244c0
0x244e3	0x244e3
0x244e6	0x244e6
0x244e8	0x244e8
0x244e9	0x244e9
0x244ec	0x244ec
0x244f0	0x244f0
0x244f1	0x244f1
0x244f3	0x244f3
0x24516	0x24516
0x24519	0x24519
0x2451d	0x2451d
0x24521	0x24521
0x24522	0x24522
0x24524	0x24524
0x24547	0x24547
0x2454a	0x2454a
0x2454b	0x2454b
0x2454d	0x2454d
0x2454f	0x2454f
0x24551	0x24551
0x24552	0x24552
0x24552	0x24555
0x24555	0x24555
0x24558	0x24558
0x2455c	0x2455c
0x2455d	0x2455d
0x2455f	0x2455f
0x24582	0x24582
0x24585	0x24585
0x24587	0x24587
0x24588	0x24588
0x2458b	0x2458b
0x2458f	0x2458f
0x24590	0x24590
0x24592	0x24592
0x245d6	0x245d6
0x245d9	0x245d9
0x245dd	0x245dd
0x245e1	0x245e1
0x245e2	0x245e2
0x245e4	0x245e4
0x24607	0x24607
0x2460a	0x2460a
0x2460e	0x2460e
0x24612	0x24612
0x24613	0x24613
0x24615	0x24615
0x4bf18	0x4bf18
0xa6912	0xa6912
0xa7312	0xa7312
0xa7d12	0xa7d12
0xa8712	0xa8712
0xa9112	0xa9112
0xa9b12	0xa9b12
0xaa512	0xaa512
0xaaf12	0xaaf12
0xab912	0xab912
0xac312	0xac312
0xacd12	0xacd12
0xad712	0xad712
0xae112	0xae112
0xaeb12	0xaeb12
0xaf512	0xaf512
0xaff12	0xaff12
0xb0912	0xb0912
0xb1312	0xb1312
0xb1d12	0xb1d12
0xb2712	0xb2712
0xb3132	0xb3132
0xb3b32	0xb3b32
0xb4532	0xb4532
0xb4f32	0xb4f32
0xb5932	0xb5932
0xb6332	0xb6332
0xb6d32	0xb6d32
0xb7732	0xb7732
0xb8132	0xb8132
0xb8b32	0xb8b32
0xb9532	0xb9532
0xb9f32	0xb9f32
0xba932	0xba932
0xbb332	0xbb332
0xbbd32	0xbbd32
0xbc732	0xbc732
0xbd132	0xbd132
0xbdb32	0xbdb32
0xbe532	0xbe532
0xbef32	0xbef32
0x26f_0x0	0x26f_0x0
0x5ac_0x0	0x5ac_0x0
0x5ac_0x0	0xafcarg0x0
0x5b1_0x0	0x5b1_0x0
0x5b1_0x0	0xb2barg0x0
0x5bf_0x0	0x5bf_0x0
0xafc0x3ccdc	0xafc0x3ccdc
0xb2b0x3ccdc	0xb2b0x3ccdc
0x1200x2b1c	0x1200x2b1c
0x2b60x2b1c	0x2b60x2b1c
0x4080x2b1c	0x4080x2b1c
0xafc0xb1b	0xafc0xb1b
0xb2b0xb1b	0xb2b0xb1b
0x1200x185	0x1200x185
0x2b60x185	0x2b60x185
0x4080x185	0x4080x185
0x1200x172	0x1200x172
0x2b60x172	0x2b60x172
0x4080x172	0x4080x172
0x1200x160	0x1200x160
0x2b60x160	0x2b60x160
0x4080x160	0x4080x160
0x1200x152	0x1200x152
0x2b60x152	0x2b60x152
0x4080x152	0x4080x152
0x7f5_0x0	0x7f5_0x0
0x819_0x0	0x819_0x0
0x1560x120_0x0	0x1560x120_0x0
0x1560x120_0x1	0x1560x120_0x1
0x1560x120_0x2	0x1560x120_0x2
0x1560x2b6_0x0	0x1560x2b6_0x0
0x1560x2b6_0x1	0x1560x2b6_0x1
0x1560x2b6_0x2	0x1560x2b6_0x2
0x1560x408_0x0	0x1560x408_0x0
0x1560x408_0x1	0x1560x408_0x1
0x1560x408_0x2	0x1560x408_0x2
0x1640x120_0x0	0x1640x120_0x0
0x1640x120_0x1	0x1640x120_0x1
0x1640x120_0x2	0x1640x120_0x2
0x1640x2b6_0x0	0x1640x2b6_0x0
0x1640x2b6_0x1	0x1640x2b6_0x1
0x1640x2b6_0x2	0x1640x2b6_0x2
0x1640x408_0x0	0x1640x408_0x0
0x1640x408_0x1	0x1640x408_0x1
0x1640x408_0x2	0x1640x408_0x2
0x1a20x120_0x1	0x1a20x120_0x1
0x1a20x2b6_0x1	0x1a20x2b6_0x1
0x1a20x408_0x1	0x1a20x408_0x1
0xb180xafc_0x0	0xb180xafc_0x0
0xafc0xb1a	0xafc0xb1a
0xb2b0xb1a	0xb2b0xb1a
0xafc0xb19	0xafc0xb19
0xb2b0xb19	0xb2b0xb19
0x1200x1ad	0x1200x1ad
0x2b60x1ad	0x2b60x1ad
0x4080x1ad	0x4080x1ad
0x1200x1aa	0x1200x1aa
0x2b60x1aa	0x2b60x1aa
0x4080x1aa	0x4080x1aa
0x1200x1a8	0x1200x1a8
0x2b60x1a8	0x2b60x1a8
0x4080x1a8	0x4080x1a8
0x1200x19f	0x1a20x120_0x1
0x1200x19f	0x1200x19f
0x2b60x19f	0x1a20x2b6_0x1
0x2b60x19f	0x2b60x19f
0x4080x19f	0x1a20x408_0x1
0x4080x19f	0x4080x19f
0x1200x19d	0x1200x19d
0x2b60x19d	0x2b60x19d
0x4080x19d	0x4080x19d
0x1200x19a	0x1200x19a
0x2b60x19a	0x2b60x19a
0x4080x19a	0x4080x19a
0x1200x199	0x1200x199
0x2b60x199	0x2b60x199
0x4080x199	0x4080x199
0x1200x198	0x1200x198
0x2b60x198	0x2b60x198
0x4080x198	0x4080x198
0x1200x197	0x1200x197
0x2b60x197	0x2b60x197
0x4080x197	0x4080x197
0x1200x194	0x1200x194
0x2b60x194	0x2b60x194
0x4080x194	0x4080x194
0x1200x193	0x1200x193
0x2b60x193	0x2b60x193
0x4080x193	0x4080x193
0x1200x191	0x1200x191
0x2b60x191	0x2b60x191
0x4080x191	0x4080x191
0x1200x18e	0x1200x18e
0x2b60x18e	0x2b60x18e
0x4080x18e	0x4080x18e
0x1200x18d	0x1200x18d
0x2b60x18d	0x2b60x18d
0x4080x18d	0x4080x18d
0x1200x18b	0x1200x18b
0x2b60x18b	0x2b60x18b
0x4080x18b	0x4080x18b
0x1200x184	0x1200x184
0x2b60x184	0x2b60x184
0x4080x184	0x4080x184
0x1200x182	0x1200x182
0x2b60x182	0x2b60x182
0x4080x182	0x4080x182
0x1200x180	0x1200x180
0x2b60x180	0x2b60x180
0x4080x180	0x4080x180
0x1200x17e	0x1a20x120_0x1
0x1200x17e	0x1200x17e
0x2b60x17e	0x1a20x2b6_0x1
0x2b60x17e	0x2b60x17e
0x4080x17e	0x1a20x408_0x1
0x4080x17e	0x4080x17e
0x1200x171	0x1560x120_0x0
0x1200x171	0x1640x120_0x0
0x1200x171	0x1200x171
0x2b60x171	0x1560x2b6_0x0
0x2b60x171	0x1640x2b6_0x0
0x2b60x171	0x2b60x171
0x4080x171	0x1560x408_0x0
0x4080x171	0x1640x408_0x0
0x4080x171	0x4080x171
0x1200x16f	0x1560x120_0x1
0x1200x16f	0x1640x120_0x1
0x1200x16f	0x1200x16f
0x2b60x16f	0x1560x2b6_0x1
0x2b60x16f	0x1640x2b6_0x1
0x2b60x16f	0x2b60x16f
0x4080x16f	0x1560x408_0x1
0x4080x16f	0x1640x408_0x1
0x4080x16f	0x4080x16f
0x1200x16b	0x1200x16b
0x2b60x16b	0x2b60x16b
0x4080x16b	0x4080x16b
0x1200x169	0x1560x120_0x2
0x1200x169	0x1640x120_0x2
0x1200x169	0x1200x169
0x2b60x169	0x1560x2b6_0x2
0x2b60x169	0x1640x2b6_0x2
0x2b60x169	0x2b60x169
0x4080x169	0x1560x408_0x2
0x4080x169	0x1640x408_0x2
0x4080x169	0x4080x169
0x1200x166	0x1200x166
0x2b60x166	0x2b60x166
0x4080x166	0x4080x166
0x1200x164	0x1200x164
0x2b60x164	0x2b60x164
0x4080x164	0x4080x164
0x1200x15f	0x1200x15f
0x2b60x15f	0x2b60x15f
0x4080x15f	0x4080x15f
0x1200x15e	0x1200x15e
0x2b60x15e	0x2b60x15e
0x4080x15e	0x4080x15e
0x1200x15b	0x1200x15b
0x2b60x15b	0x2b60x15b
0x4080x15b	0x4080x15b
0x1200x158	0x1200x158
0x2b60x158	0x2b60x158
0x4080x158	0x4080x158
0x1200x151	0x1200x151
0x2b60x151	0x2b60x151
0x4080x151	0x4080x151
0x1200x14b	0x1560x120_0x0
0x1200x14b	0x1640x120_0x0
0x1200x14b	0x1200x14b
0x2b60x14b	0x1560x2b6_0x0
0x2b60x14b	0x1640x2b6_0x0
0x2b60x14b	0x2b60x14b
0x4080x14b	0x1560x408_0x0
0x4080x14b	0x1640x408_0x0
0x4080x14b	0x4080x14b
0x1200x148	0x1560x120_0x1
0x1200x148	0x1640x120_0x1
0x1200x148	0x1200x148
0x2b60x148	0x1560x2b6_0x1
0x2b60x148	0x1640x2b6_0x1
0x2b60x148	0x2b60x148
0x4080x148	0x1560x408_0x1
0x4080x148	0x1640x408_0x1
0x4080x148	0x4080x148
0x1200x141	0x1560x120_0x2
0x1200x141	0x1640x120_0x2
0x1200x141	0x1200x141
0x2b60x141	0x1560x2b6_0x2
0x2b60x141	0x1640x2b6_0x2
0x2b60x141	0x2b60x141
0x4080x141	0x1560x408_0x2
0x4080x141	0x1640x408_0x2
0x4080x141	0x4080x141
0x1200x13e	0x1200x13e
0x2b60x13e	0x2b60x13e
0x4080x13e	0x4080x13e
0x1200x13b	0x1200x13b
0x2b60x13b	0x2b60x13b
0x4080x13b	0x4080x13b
0x1200x135	0x1200x135
0x2b60x135	0x2b60x135
0x4080x135	0x4080x135
0x1200x134	0x1200x134
0x2b60x134	0x2b60x134
0x4080x134	0x4080x134
0x1200x131	0x1200x131
0x2b60x131	0x2b60x131
0x4080x131	0x4080x131
0x242baV0x10f	0x242baV0x10f
0x114V0x10f	0x114V0x10f
0x114V0x10f	0x557arg0x0
0x117V0x10f	0x117V0x10f
0x672V0x1b8	0x672V0x1b8
0x674V0x1b8	0x674V0x1b8
0x676V0x1b8	0x676V0x1b8
0x678V0x1b8	0x678V0x1b8
0x679V0x1b8	0x679V0x1b8
0x679V0x1b8	0x67cV0x1b8
0x679V0x1b8	0x690V0x1b8
0x67aV0x1b8	0x67aV0x1b8
0x67aV0x1b8	0x67cV0x1b8
0x67cV0x1b8	0x67cV0x1b8
0x67dV0x1b8	0x67dV0x1b8
0x682V0x1b8	0x682V0x1b8
0x684V0x1b8	0x684V0x1b8
0x689V0x1b8	0x689V0x1b8
0x68dV0x1b8	0x68dV0x1b8
0x690V0x1b8	0x690V0x1b8
0x699V0x1b8	0x699V0x1b8
0x69eV0x1b8	0x69eV0x1b8
0x6a3V0x1b8	0x6a3V0x1b8
0x6a8V0x1b8	0x6a8V0x1b8
0x6cdV0x1b8	0x6cdV0x1b8
0x6d0V0x1b8	0x6d0V0x1b8
0x6d4V0x1b8	0x6d4V0x1b8
0x531cV0x1b8	0x531cV0x1b8
0x744V0x20d	0x744V0x20d
0x746V0x20d	0x746V0x20d
0x748V0x20d	0x748V0x20d
0x74aV0x20d	0x74aV0x20d
0x74bV0x20d	0x74bV0x20d
0x74bV0x20d	0x74eV0x20d
0x74bV0x20d	0x768V0x20d
0x74bV0x20d	0x780V0x20d
0x74eV0x20d	0x74eV0x20d
0x74fV0x20d	0x74fV0x20d
0x754V0x20d	0x754V0x20d
0x756V0x20d	0x756V0x20d
0x75bV0x20d	0x75bV0x20d
0x75fV0x20d	0x75fV0x20d
0x761V0x20d	0x761V0x20d
0x763V0x20d	0x763V0x20d
0x768V0x20d	0x768V0x20d
0x76eV0x20d	0x76eV0x20d
0x770V0x20d	0x770V0x20d
0x773V0x20d	0x773V0x20d
0x776V0x20d	0x776V0x20d
0x77cV0x20d	0x77cV0x20d
0x77dV0x20d	0x77dV0x20d
0x77dV0x20d	0x780V0x20d
0x780V0x20d	0x780V0x20d
0x789V0x20d	0x789V0x20d
0x78bV0x20d	0x78bV0x20d
0x78eV0x20d	0x78eV0x20d
0x792V0x20d	0x792V0x20d
0x797V0x20d	0x797V0x20d
0x79bV0x20d	0x79bV0x20d
0x7bfV0x20d	0x7bfV0x20d
0x7c2V0x20d	0x7c2V0x20d
0x7c6V0x20d	0x7c6V0x20d
0x7c6V0x20d	0x229_0x0V0x2435e_0
0x7c8V0x20d	0x7c8V0x20d
0x6e3V0x20d	0x6e3V0x20d
0x6e5V0x20d	0x6e5V0x20d
0x6e7V0x20d	0x6e7V0x20d
0x6e9V0x20d	0x6e9V0x20d
0x6eaV0x20d	0x6eaV0x20d
0x6eaV0x20d	0x6ecV0x20d
0x6ecV0x20d	0x6ecV0x20d
0x6edV0x20d	0x6edV0x20d
0x6f2V0x20d	0x6f2V0x20d
0x6f4V0x20d	0x6f4V0x20d
0x6f7V0x20d	0x6f7V0x20d
0x6faV0x20d	0x6faV0x20d
0x6fbV0x20d	0x6fbV0x20d
0x6feV0x20d	0x6feV0x20d
0x700V0x20d	0x700V0x20d
0x700V0x20d	0x732_0x0V0x20d
0x700V0x20d	0x73e_0x0V0x20d
0x702V0x20d	0x702V0x20d
0x734V0x20d	0x734V0x20d
0x735V0x20d	0x735V0x20d
0x732_0x0V0x20d	0x732_0x0V0x20d
0x73fV0x20d	0x73fV0x20d
0x740V0x20d	0x740V0x20d
0x73e_0x0V0x20d	0x73e_0x0V0x20d
0x7ceV0x20d	0x7ceV0x20d
0x7ceV0x20d	0x229_0x0V0x2435e_0
0x711cV0x20d	0x711cV0x20d
0x2b983V0x20d	0x2b983V0x20d
0x532eaV0x20d	0x532eaV0x20d
0x707V0x20d	0x707V0x20d
0x709V0x20d	0x709V0x20d
0x70bV0x20d	0x70bV0x20d
0x70dV0x20d	0x70dV0x20d
0x70eV0x20d	0x70eV0x20d
0x70eV0x20d	0x711V0x20d
0x70eV0x20d	0x726V0x20d
0x711V0x20d	0x711V0x20d
0x712V0x20d	0x712V0x20d
0x717V0x20d	0x717V0x20d
0x719V0x20d	0x719V0x20d
0x71eV0x20d	0x71eV0x20d
0x722V0x20d	0x722V0x20d
0x723V0x20d	0x723V0x20d
0x723V0x20d	0x726V0x20d
0x726V0x20d	0x726V0x20d
0x72cV0x20d	0x72cV0x20d
0x72dV0x20d	0x72dV0x20d
0x730V0x20d	0x730V0x20d
0x731V0x20d	0x732_0x0V0x20d
0x731V0x20d	0x73e_0x0V0x20d
0x731V0x20d	0x731V0x20d
0x5d1cV0x20d	0x5d1cV0x20d
0x73aV0x20d	0x73aV0x20d
0x73dV0x20d	0x73e_0x0V0x20d
0x73dV0x20d	0x73dV0x20d
0x671cV0x20d	0x671cV0x20d
0x84eV0x2ac	0x84eV0x2ac
0x850V0x2ac	0x850V0x2ac
0x86aV0x2ac	0x86aV0x2ac
0x86cV0x2ac	0x86cV0x2ac
0x894V0x2ac	0x894V0x2ac
0x896V0x2ac	0x896V0x2ac
0x8eeV0x2ac	0x8eeV0x2ac
0x8f0V0x2ac	0x8f0V0x2ac
0x83cV0x2ac	0x83cV0x2ac
0x83eV0x2ac	0x83eV0x2ac
0x83fV0x2ac	0x83fV0x2ac
0x841V0x2ac	0x841V0x2ac
0x843V0x2ac	0x843V0x2ac
0x845V0x2ac	0x845V0x2ac
0x846V0x2ac	0x846V0x2ac
0x848V0x2ac	0x848V0x2ac
0x849V0x2ac	0x849V0x2ac
0x84aV0x2ac	0x84aV0x2ac
0x854V0x2ac	0x854V0x2ac
0x856V0x2ac	0x856V0x2ac
0x856V0x2ac	0x864V0x2ac
0x857V0x2ac	0x857V0x2ac
0x857V0x2ac	0x862V0x2ac
0x858V0x2ac	0x858V0x2ac
0x85aV0x2ac	0x85aV0x2ac
0x85cV0x2ac	0x85cV0x2ac
0x85eV0x2ac	0x85eV0x2ac
0x85fV0x2ac	0x85fV0x2ac
0x85fV0x2ac	0x862V0x2ac
0x85fV0x2ac	0x864V0x2ac
0x862V0x2ac	0x862V0x2ac
0x864V0x2ac	0x864V0x2ac
0x865V0x2ac	0x865V0x2ac
0x866V0x2ac	0x866V0x2ac
0x870V0x2ac	0x870V0x2ac
0x872V0x2ac	0x872V0x2ac
0x873V0x2ac	0x873V0x2ac
0x874V0x2ac	0x874V0x2ac
0x875V0x2ac	0x875V0x2ac
0x875V0x2ac	0x88e_0x0V0x2ac
0x877V0x2ac	0x877V0x2ac
0x878V0x2ac	0x878V0x2ac
0x88fV0x2ac	0x88fV0x2ac
0x890V0x2ac	0x890V0x2ac
0x88e_0x0V0x2ac	0x88e_0x0V0x2ac
0x89aV0x2ac	0x89aV0x2ac
0x89dV0x2ac	0x89dV0x2ac
0x89eV0x2ac	0x89eV0x2ac
0x8b4V0x2ac	0x8b4V0x2ac
0x8b5V0x2ac	0x8b5V0x2ac
0x8b6V0x2ac	0x8b6V0x2ac
0x8b8V0x2ac	0x8b8V0x2ac
0x8baV0x2ac	0x8baV0x2ac
0x8bbV0x2ac	0x8bbV0x2ac
0x8beV0x2ac	0x8beV0x2ac
0x8c0V0x2ac	0x8c0V0x2ac
0x8c0V0x2ac	0x8ceV0x2ac
0x8c1V0x2ac	0x8c1V0x2ac
0x8c3V0x2ac	0x8c3V0x2ac
0x8c4V0x2ac	0x8c4V0x2ac
0x8c6V0x2ac	0x8c6V0x2ac
0x8c8V0x2ac	0x8c8V0x2ac
0x8caV0x2ac	0x8caV0x2ac
0x8cbV0x2ac	0x8cbV0x2ac
0x8cbV0x2ac	0x8ceV0x2ac
0x8cbV0x2ac	0x8d1V0x2ac
0x8ceV0x2ac	0x8ceV0x2ac
0x8d0V0x2ac	0x8d0V0x2ac
0x8d0V0x2ac	0x8d1V0x2ac
0x8d1V0x2ac	0x8d1V0x2ac
0x8d2V0x2ac	0x8d2V0x2ac
0x8d4V0x2ac	0x8d4V0x2ac
0x8d5V0x2ac	0x8d5V0x2ac
0x8d8V0x2ac	0x8d8V0x2ac
0x8daV0x2ac	0x8daV0x2ac
0x8e2V0x2ac	0x8e2V0x2ac
0x8e8V0x2ac	0x8e8V0x2ac
0x8e9V0x2ac	0x8e9V0x2ac
0x8eaV0x2ac	0x8eaV0x2ac
0x2da08V0x2ac	0x2da08V0x2ac
0x87dV0x2ac	0x87dV0x2ac
0x87fV0x2ac	0x87fV0x2ac
0x880V0x2ac	0x880V0x2ac
0x88cV0x2ac	0x88cV0x2ac
0x88dV0x2ac	0x88e_0x0V0x2ac
0x88dV0x2ac	0x88dV0x2ac
0xa31cV0x2ac	0xa31cV0x2ac
0x93eV0x2be	0x93eV0x2be
0x943V0x2be	0x943V0x2be
0x944V0x2be	0x944V0x2be
0x945V0x2be	0x945V0x2be
0x949V0x2be	0x949V0x2be
0x94bV0x2be	0x94bV0x2be
0x94dV0x2be	0x94dV0x2be
0x8f7V0x2be	0x8f7V0x2be
0x8faV0x2be	0x8faV0x2be
0x8fbV0x2be	0x8fbV0x2be
0x8feV0x2be	0x8feV0x2be
0x8ffV0x2be	0x8ffV0x2be
0x901V0x2be	0x901V0x2be
0x903V0x2be	0x903V0x2be
0x906V0x2be	0x906V0x2be
0x907V0x2be	0x907V0x2be
0x908V0x2be	0x908V0x2be
0x90bV0x2be	0x90bV0x2be
0x90cV0x2be	0x90cV0x2be
0x90eV0x2be	0x90eV0x2be
0x90fV0x2be	0x90fV0x2be
0x912V0x2be	0x912V0x2be
0x916V0x2be	0x916V0x2be
0x917V0x2be	0x917V0x2be
0x91aV0x2be	0x91aV0x2be
0x91dV0x2be	0x91dV0x2be
0x91fV0x2be	0x91fV0x2be
0x921V0x2be	0x921V0x2be
0x923V0x2be	0x923V0x2be
0x92dV0x2be	0x92dV0x2be
0x92dV0x2be	0x95f_0x0V0x2be
0x931V0x2be	0x931V0x2be
0x932V0x2be	0x932V0x2be
0x953V0x2be	0x953V0x2be
0x956V0x2be	0x956V0x2be
0x959V0x2be	0x959V0x2be
0x95bV0x2be	0x95bV0x2be
0x95dV0x2be	0x95dV0x2be
0x95dV0x2be	0x95f_0x1V0x2be
0xb71cV0x2be	0xb71cV0x2be
0x961V0x2be	0x961V0x2be
0x965V0x2be	0x965V0x2be
0x967V0x2be	0x967V0x2be
0x967V0x2be	0x95f_0x1V0x2be
0x969V0x2be	0x969V0x2be
0x96bV0x2be	0x96bV0x2be
0x96bV0x2be	0x95f_0x0V0x2be
0x96eV0x2be	0x96eV0x2be
0x96fV0x2be	0x96fV0x2be
0x95f_0x0V0x2be	0x95f_0x0V0x2be
0x95f_0x1V0x2be	0x95f_0x1V0x2be
0x937V0x2be	0x937V0x2be
0x939V0x2be	0x939V0x2be
0x93aV0x2be	0x93aV0x2be
0x975V0x2be	0x975V0x2be
0x976V0x2be	0x976V0x2be
0x978V0x2be	0x978V0x2be
0x97aV0x2be	0x97aV0x2be
0xc11cV0x2be	0xc11cV0x2be
0x994V0x370	0x994V0x370
0x996V0x370	0x996V0x370
0x998V0x370	0x998V0x370
0x99aV0x370	0x99aV0x370
0x99bV0x370	0x99bV0x370
0x99bV0x370	0x99dV0x370
0x99dV0x370	0x99dV0x370
0x99eV0x370	0x99eV0x370
0x9a3V0x370	0x9a3V0x370
0x9a5V0x370	0x9a5V0x370
0x9a8V0x370	0x9a8V0x370
0x9abV0x370	0x9abV0x370
0x9acV0x370	0x9acV0x370
0xcb1cV0x370	0xcb1cV0x370
0xa4cV0x4cc	0xa4cV0x4cc
0xa4eV0x4cc	0xa4eV0x4cc
0xa50V0x4cc	0xa50V0x4cc
0xa52V0x4cc	0xa52V0x4cc
0xa53V0x4cc	0xa53V0x4cc
0xa53V0x4cc	0xa56V0x4cc
0xa53V0x4cc	0xa71V0x4cc
0xa54V0x4cc	0xa54V0x4cc
0xa54V0x4cc	0xa56V0x4cc
0xa56V0x4cc	0xa56V0x4cc
0xa57V0x4cc	0xa57V0x4cc
0xa5cV0x4cc	0xa5cV0x4cc
0xa5eV0x4cc	0xa5eV0x4cc
0xa63V0x4cc	0xa63V0x4cc
0xa67V0x4cc	0xa67V0x4cc
0xa69V0x4cc	0xa69V0x4cc
0xa6cV0x4cc	0xa6cV0x4cc
0xa71V0x4cc	0xa71V0x4cc
0xa78V0x4cc	0xa78V0x4cc
0xa7aV0x4cc	0xa7aV0x4cc
0xa7cV0x4cc	0xa7cV0x4cc
0xa80V0x4cc	0xa80V0x4cc
0xa85V0x4cc	0xa85V0x4cc
0xa88V0x4cc	0xa88V0x4cc
0xaadV0x4cc	0xaadV0x4cc
0xab0V0x4cc	0xab0V0x4cc
0xab4V0x4cc	0xab4V0x4cc
0xab4V0x4cc	0x4e2_0x0V0x24581_0
0xab6V0x4cc	0xab6V0x4cc
0xa1eV0x4cc	0xa1eV0x4cc
0xa20V0x4cc	0xa20V0x4cc
0xa22V0x4cc	0xa22V0x4cc
0xa24V0x4cc	0xa24V0x4cc
0xa25V0x4cc	0xa25V0x4cc
0xa25V0x4cc	0xa27V0x4cc
0xa26V0x4cc	0xa26V0x4cc
0xa26V0x4cc	0xa27V0x4cc
0xa27V0x4cc	0xa27V0x4cc
0xa28V0x4cc	0xa28V0x4cc
0xa2dV0x4cc	0xa2dV0x4cc
0xa2fV0x4cc	0xa2fV0x4cc
0xa32V0x4cc	0xa32V0x4cc
0xa35V0x4cc	0xa35V0x4cc
0xa36V0x4cc	0xa36V0x4cc
0xa39V0x4cc	0xa39V0x4cc
0xa3bV0x4cc	0xa3bV0x4cc
0xa3bV0x4cc	0xa46_0x0V0x4cc
0xa3dV0x4cc	0xa3dV0x4cc
0xa47V0x4cc	0xa47V0x4cc
0xa48V0x4cc	0xa48V0x4cc
0xa46_0x0V0x4cc	0xa46_0x0V0x4cc
0xabcV0x4cc	0xabcV0x4cc
0xabcV0x4cc	0x4e2_0x0V0x24581_0
0xabeV0x4cc	0xabeV0x4cc
0xa42V0x4cc	0xa42V0x4cc
0xa45V0x4cc	0xa46_0x0V0x4cc
0xa45V0x4cc	0xa45V0x4cc
0xd51cV0x4cc	0xd51cV0x4cc
0xad0V0x52b	0xad0V0x52b
0xad2V0x52b	0xad2V0x52b
0xad4V0x52b	0xad4V0x52b
0xad6V0x52b	0xad6V0x52b
0xad7V0x52b	0xad7V0x52b
0xad7V0x52b	0xadaV0x52b
0xad7V0x52b	0xaeeV0x52b
0xadaV0x52b	0xadaV0x52b
0xadbV0x52b	0xadbV0x52b
0xae0V0x52b	0xae0V0x52b
0xae2V0x52b	0xae2V0x52b
0xae7V0x52b	0xae7V0x52b
0xaebV0x52b	0xaebV0x52b
0xaeeV0x52b	0xaeeV0x52b
0xaf4V0x52b	0xaf4V0x52b
0xaf5V0x52b	0xaf5V0x52b
0xe91cV0x52b	0xe91cV0x52b
0x229_0x0V0x2435e_0	0x229_0x0V0x2435e_0
0x4e2_0x0V0x24581_0	0x4e2_0x0V0x24581_0
0xafcarg0x0	0xafcarg0x0
0xafcarg0x1	0xafcarg0x1
0xb2barg0x0	0xb2barg0x0
0xb2barg0x1	0xb2barg0x1
0x557arg0x0	0x557arg0x0
0x7ddarg0x0	0x7ddarg0x0
0xb2barg0x2	0xb2barg0x2
0xafcarg0x2	0xafcarg0x2
